id,batchID,batchIDLastChangedAt,duration,durationLastChangedAt,ended,endedLastChangedAt,gameID,gameIDLastChangedAt,index,indexLastChangedAt,initialized,initializedLastChangedAt,name,nameLastChangedAt,roundID,roundIDLastChangedAt,start,startLastChangedAt,started,startedLastChangedAt,timerID,timerIDLastChangedAt
01J0GCGCKBEA1S3GMZBTTD8XJM,01J0GCAMGH3GEWSNDT77C14KHD,2024-06-16T11:21:49.420005311Z,3000,2024-06-16T11:21:49.420005311Z,true,2024-06-16T11:23:40.372374978Z,01J0GCAMH923Z3R2D5GF01J956,2024-06-16T11:21:49.420005311Z,37,2024-06-16T11:21:49.420005311Z,true,2024-06-16T11:23:38.691563572Z,swipeProfile_38,2024-06-16T11:21:49.420005311Z,01J0GCGCCKGDQGDQ899CDCQVV5,2024-06-16T11:21:49.420005311Z,true,2024-06-16T11:23:38.679191945Z,true,2024-06-16T11:23:38.70944919Z,01J0GCGCHQB01AZ4Q2E2M68V0T,2024-06-16T11:21:49.420005311Z
01J0GCB9PS2BKKW3AHYY6FAYAF,01J0GCAMGH3GEWSNDT77C14KHD,2024-06-16T11:19:02.617051594Z,3000,2024-06-16T11:19:02.617051594Z,true,2024-06-16T11:19:05.430578659Z,01J0GCAMHAA9DF5J62DBYAEYSJ,2024-06-16T11:19:02.617051594Z,0,2024-06-16T11:19:02.617051594Z,true,2024-06-16T11:19:04.339322366Z,explanation,2024-06-16T11:19:02.617051594Z,01J0GCB9NTCXCKMKM2S5GNR7YM,2024-06-16T11:19:02.617051594Z,true,2024-06-16T11:19:04.297400865Z,true,2024-06-16T11:19:04.347041428Z,01J0GCB9P67KR77QRH12CCX3EB,2024-06-16T11:19:02.617051594Z
01J0GCB9XFYPQD92CNW0CP9FAV,01J0GCAMGH3GEWSNDT77C14KHD,2024-06-16T11:19:02.831147773Z,3000,2024-06-16T11:19:02.831147773Z,true,2024-06-16T11:19:22.768984938Z,01J0GCAMHAA9DF5J62DBYAEYSJ,2024-06-16T11:19:02.831147773Z,0,2024-06-16T11:19:02.831147773Z,true,2024-06-16T11:19:21.033642258Z,swipeProfile_1,2024-06-16T11:19:02.831147773Z,01J0GCB9NVYAFJVZWS3E4PZYNT,2024-06-16T11:19:02.831147773Z,true,2024-06-16T11:19:21.02326154Z,true,2024-06-16T11:19:21.055514653Z,01J0GCB9Q33GVZ69CBAYN90RXY,2024-06-16T11:19:02.831147773Z
01J0GCB9Y4ZS72Q27NW5PCKQZC,01J0GCAMGH3GEWSNDT77C14KHD,2024-06-16T11:19:02.852380836Z,3000,2024-06-16T11:19:02.852380836Z,true,2024-06-16T11:20:55.630343932Z,01J0GCAMHAA9DF5J62DBYAEYSJ,2024-06-16T11:19:02.852380836Z,39,2024-06-16T11:19:02.852380836Z,true,2024-06-16T11:20:51.087110688Z,swipeProfile_40,2024-06-16T11:19:02.852380836Z,01J0GCB9NVYAFJVZWS3E4PZYNT,2024-06-16T11:19:02.852380836Z,true,2024-06-16T11:20:51.073177549Z,true,2024-06-16T11:20:51.111621214Z,01J0GCB9VWNSCB2SH4K8T8V588,2024-06-16T11:19:02.852380836Z
01J0GCB9XRKE0SX3G93HCK9FQ6,01J0GCAMGH3GEWSNDT77C14KHD,2024-06-16T11:19:02.840507718Z,3000,2024-06-16T11:19:02.840507718Z,true,2024-06-16T11:20:26.256316558Z,01J0GCAMHAA9DF5J62DBYAEYSJ,2024-06-16T11:19:02.840507718Z,28,2024-06-16T11:19:02.840507718Z,true,2024-06-16T11:20:24.770757392Z,swipeProfile_29,2024-06-16T11:19:02.840507718Z,01J0GCB9NVYAFJVZWS3E4PZYNT,2024-06-16T11:19:02.840507718Z,true,2024-06-16T11:20:24.749351375Z,true,2024-06-16T11:20:24.790115391Z,01J0GCB9TG43APSDE26134NX5N,2024-06-16T11:19:02.840507718Z
01J0GCGCK3RD1MEY5PTMCX85G2,01J0GCAMGH3GEWSNDT77C14KHD,2024-06-16T11:21:49.411065262Z,3000,2024-06-16T11:21:49.411065262Z,true,2024-06-16T11:22:18.631828686Z,01J0GCAMH923Z3R2D5GF01J956,2024-06-16T11:21:49.411065262Z,3,2024-06-16T11:21:49.411065262Z,true,2024-06-16T11:22:16.692624987Z,swipeProfile_4,2024-06-16T11:21:49.411065262Z,01J0GCGCCKGDQGDQ899CDCQVV5,2024-06-16T11:21:49.411065262Z,true,2024-06-16T11:22:16.680298387Z,true,2024-06-16T11:22:16.710950812Z,01J0GCGCE3EXZTVD48W3ZB47WB,2024-06-16T11:21:49.411065262Z
01J0GCB9XQKA29Y9M780MW5B8S,01J0GCAMGH3GEWSNDT77C14KHD,2024-06-16T11:19:02.839747867Z,3000,2024-06-16T11:19:02.839747867Z,true,2024-06-16T11:20:13.210631083Z,01J0GCAMHAA9DF5J62DBYAEYSJ,2024-06-16T11:19:02.839747867Z,23,2024-06-16T11:19:02.839747867Z,true,2024-06-16T11:20:11.625420833Z,swipeProfile_24,2024-06-16T11:19:02.839747867Z,01J0GCB9NVYAFJVZWS3E4PZYNT,2024-06-16T11:19:02.839747867Z,true,2024-06-16T11:20:11.609796563Z,true,2024-06-16T11:20:11.64809563Z,01J0GCB9SYERZ2HBYJW8S6H1XX,2024-06-16T11:19:02.839747867Z
01J0GCGCK3RD1MEY5PV81GVVQD,01J0GCAMGH3GEWSNDT77C14KHD,2024-06-16T11:21:49.411295045Z,3000,2024-06-16T11:21:49.411295045Z,true,2024-06-16T11:22:25.94008393Z,01J0GCAMH923Z3R2D5GF01J956,2024-06-16T11:21:49.411295045Z,4,2024-06-16T11:21:49.411295045Z,true,2024-06-16T11:22:18.657421283Z,swipeProfile_5,2024-06-16T11:21:49.411295045Z,01J0GCGCCKGDQGDQ899CDCQVV5,2024-06-16T11:21:49.411295045Z,true,2024-06-16T11:22:18.646291454Z,true,2024-06-16T11:22:18.679110445Z,01J0GCGCE6H7VCR393MPC05SK0,2024-06-16T11:21:49.411295045Z
01J0GCB9XMDNFKQZJTMNFFBV7Q,01J0GCAMGH3GEWSNDT77C14KHD,2024-06-16T11:19:02.836991598Z,3000,2024-06-16T11:19:02.836991598Z,true,2024-06-16T11:19:38.389671602Z,01J0GCAMHAA9DF5J62DBYAEYSJ,2024-06-16T11:19:02.836991598Z,6,2024-06-16T11:19:02.836991598Z,true,2024-06-16T11:19:36.690142273Z,swipeProfile_7,2024-06-16T11:19:02.836991598Z,01J0GCB9NVYAFJVZWS3E4PZYNT,2024-06-16T11:19:02.836991598Z,true,2024-06-16T11:19:36.679807533Z,true,2024-06-16T11:19:36.71269767Z,01J0GCB9QV0HMY0P91J4DGK0X4,2024-06-16T11:19:02.836991598Z
01J0GCGCK9FX50GC6X8QMW20VE,01J0GCAMGH3GEWSNDT77C14KHD,2024-06-16T11:21:49.417358542Z,3000,2024-06-16T11:21:49.417358542Z,true,2024-06-16T11:23:21.738634182Z,01J0GCAMH923Z3R2D5GF01J956,2024-06-16T11:21:49.417358542Z,29,2024-06-16T11:21:49.417358542Z,true,2024-06-16T11:23:17.038436444Z,swipeProfile_30,2024-06-16T11:21:49.417358542Z,01J0GCGCCKGDQGDQ899CDCQVV5,2024-06-16T11:21:49.417358542Z,true,2024-06-16T11:23:17.027725459Z,true,2024-06-16T11:23:17.061398663Z,01J0GCGCGXKWB09XHJSNRMQ5WG,2024-06-16T11:21:49.417358542Z
01J0GCGCKDSEY2S7VSP3PHRYAE,01J0GCAMGH3GEWSNDT77C14KHD,2024-06-16T11:21:49.421016847Z,3000,2024-06-16T11:21:49.421016847Z,true,2024-06-16T11:23:49.982695693Z,01J0GCAMH923Z3R2D5GF01J956,2024-06-16T11:21:49.421016847Z,40,2024-06-16T11:21:49.421016847Z,true,2024-06-16T11:23:48.428891898Z,swipeProfile_41,2024-06-16T11:21:49.421016847Z,01J0GCGCCKGDQGDQ899CDCQVV5,2024-06-16T11:21:49.421016847Z,true,2024-06-16T11:23:48.416210406Z,true,2024-06-16T11:23:48.45302021Z,01J0GCGCHZ1Q9WKBFCTCS7E11G,2024-06-16T11:21:49.421016847Z
01J0GCGCK5DVSYHZHT1M74MP77,01J0GCAMGH3GEWSNDT77C14KHD,2024-06-16T11:21:49.413515293Z,3000,2024-06-16T11:21:49.413515293Z,true,2024-06-16T11:22:45.631208335Z,01J0GCAMH923Z3R2D5GF01J956,2024-06-16T11:21:49.413515293Z,14,2024-06-16T11:21:49.413515293Z,true,2024-06-16T11:22:44.123458193Z,swipeProfile_15,2024-06-16T11:21:49.413515293Z,01J0GCGCCKGDQGDQ899CDCQVV5,2024-06-16T11:21:49.413515293Z,true,2024-06-16T11:22:44.100737667Z,true,2024-06-16T11:22:44.157400383Z,01J0GCGCFBP8X33JF1F3PQ7MFN,2024-06-16T11:21:49.413515293Z
01J0GCGCK9FX50GC6X9HESGEJ6,01J0GCAMGH3GEWSNDT77C14KHD,2024-06-16T11:21:49.417589617Z,3000,2024-06-16T11:21:49.417589617Z,true,2024-06-16T11:23:23.515734644Z,01J0GCAMH923Z3R2D5GF01J956,2024-06-16T11:21:49.417589617Z,30,2024-06-16T11:21:49.417589617Z,true,2024-06-16T11:23:21.76822149Z,swipeProfile_31,2024-06-16T11:21:49.417589617Z,01J0GCGCCKGDQGDQ899CDCQVV5,2024-06-16T11:21:49.417589617Z,true,2024-06-16T11:23:21.752145481Z,true,2024-06-16T11:23:21.798277218Z,01J0GCGCH2RB4FBNMS89QK53NB,2024-06-16T11:21:49.417589617Z
01J0GCGCK9FX50GC6XA3W4KPM8,01J0GCAMGH3GEWSNDT77C14KHD,2024-06-16T11:21:49.41781488Z,3000,2024-06-16T11:21:49.41781488Z,true,2024-06-16T11:23:30.512398187Z,01J0GCAMH923Z3R2D5GF01J956,2024-06-16T11:21:49.41781488Z,31,2024-06-16T11:21:49.41781488Z,true,2024-06-16T11:23:23.539724098Z,swipeProfile_32,2024-06-16T11:21:49.41781488Z,01J0GCGCCKGDQGDQ899CDCQVV5,2024-06-16T11:21:49.41781488Z,true,2024-06-16T11:23:23.52953087Z,true,2024-06-16T11:23:23.560598584Z,01J0GCGCH5GFFNKSTQJQXWMAGD,2024-06-16T11:21:49.41781488Z
01J0GCGCK9FX50GC6XARYX3ZD8,01J0GCAMGH3GEWSNDT77C14KHD,2024-06-16T11:21:49.418010235Z,3000,2024-06-16T11:21:49.418010235Z,true,2024-06-16T11:23:32.143673747Z,01J0GCAMH923Z3R2D5GF01J956,2024-06-16T11:21:49.418010235Z,32,2024-06-16T11:21:49.418010235Z,true,2024-06-16T11:23:30.551494648Z,swipeProfile_33,2024-06-16T11:21:49.418010235Z,01J0GCGCCKGDQGDQ899CDCQVV5,2024-06-16T11:21:49.418010235Z,true,2024-06-16T11:23:30.528412057Z,true,2024-06-16T11:23:30.59116947Z,01J0GCGCH8Z9FHKHNT9T73EHG1,2024-06-16T11:21:49.418010235Z
01J0GCB9XQKA29Y9M78RY7H619,01J0GCAMGH3GEWSNDT77C14KHD,2024-06-16T11:19:02.839903075Z,3000,2024-06-16T11:19:02.839903075Z,true,2024-06-16T11:20:14.959733642Z,01J0GCAMHAA9DF5J62DBYAEYSJ,2024-06-16T11:19:02.839903075Z,24,2024-06-16T11:19:02.839903075Z,true,2024-06-16T11:20:13.237402285Z,swipeProfile_25,2024-06-16T11:19:02.839903075Z,01J0GCB9NVYAFJVZWS3E4PZYNT,2024-06-16T11:19:02.839903075Z,true,2024-06-16T11:20:13.225936179Z,true,2024-06-16T11:20:13.259321049Z,01J0GCB9T2ETV820ASW5EKDFMH,2024-06-16T11:19:02.839903075Z
01J0GCGCK24HRF4K4SW74GQBFG,01J0GCAMGH3GEWSNDT77C14KHD,2024-06-16T11:21:49.410791806Z,3000,2024-06-16T11:21:49.410791806Z,true,2024-06-16T11:22:16.67013709Z,01J0GCAMH923Z3R2D5GF01J956,2024-06-16T11:21:49.410791806Z,2,2024-06-16T11:21:49.410791806Z,true,2024-06-16T11:22:14.612854905Z,swipeProfile_3,2024-06-16T11:21:49.410791806Z,01J0GCGCCKGDQGDQ899CDCQVV5,2024-06-16T11:21:49.410791806Z,true,2024-06-16T11:22:14.602698267Z,true,2024-06-16T11:22:14.63610633Z,01J0GCGCE175RTR8BG6107F2XF,2024-06-16T11:21:49.410791806Z
01J0GCGCK5DVSYHZHT2VZR635J,01J0GCAMGH3GEWSNDT77C14KHD,2024-06-16T11:21:49.413926293Z,3000,2024-06-16T11:21:49.413926293Z,true,2024-06-16T11:22:48.798508622Z,01J0GCAMH923Z3R2D5GF01J956,2024-06-16T11:21:49.413926293Z,16,2024-06-16T11:21:49.413926293Z,true,2024-06-16T11:22:47.255926243Z,swipeProfile_17,2024-06-16T11:21:49.413926293Z,01J0GCGCCKGDQGDQ899CDCQVV5,2024-06-16T11:21:49.413926293Z,true,2024-06-16T11:22:47.246064992Z,true,2024-06-16T11:22:47.279738156Z,01J0GCGCFHD3Y5FFPNFN1Z9AW3,2024-06-16T11:21:49.413926293Z
01J0GCGCKEWFWGQ1NXXJY5TC8F,01J0GCAMGH3GEWSNDT77C14KHD,2024-06-16T11:21:49.422097384Z,3000,2024-06-16T11:21:49.422097384Z,true,2024-06-16T11:23:56.819599953Z,01J0GCAMH923Z3R2D5GF01J956,2024-06-16T11:21:49.422097384Z,44,2024-06-16T11:21:49.422097384Z,true,2024-06-16T11:23:55.057516788Z,swipeProfile_45,2024-06-16T11:21:49.422097384Z,01J0GCGCCKGDQGDQ899CDCQVV5,2024-06-16T11:21:49.422097384Z,true,2024-06-16T11:23:55.04295026Z,true,2024-06-16T11:23:55.08516657Z,01J0GCGCJ9K5E9F5EJ4VDDWF2Q,2024-06-16T11:21:49.422097384Z
01J0GCB9XND25WSN05RT3147M8,01J0GCAMGH3GEWSNDT77C14KHD,2024-06-16T11:19:02.837666676Z,3000,2024-06-16T11:19:02.837666676Z,true,2024-06-16T11:19:47.970666443Z,01J0GCAMHAA9DF5J62DBYAEYSJ,2024-06-16T11:19:02.837666676Z,10,2024-06-16T11:19:02.837666676Z,true,2024-06-16T11:19:46.138380323Z,swipeProfile_11,2024-06-16T11:19:02.837666676Z,01J0GCB9NVYAFJVZWS3E4PZYNT,2024-06-16T11:19:02.837666676Z,true,2024-06-16T11:19:46.126788736Z,true,2024-06-16T11:19:46.166585834Z,01J0GCB9RDE0DM08FS199SBCAG,2024-06-16T11:19:02.837666676Z
01J0GCB9XQKA29Y9M768CTXB0M,01J0GCAMGH3GEWSNDT77C14KHD,2024-06-16T11:19:02.839304335Z,3000,2024-06-16T11:19:02.839304335Z,true,2024-06-16T11:20:08.303411636Z,01J0GCAMHAA9DF5J62DBYAEYSJ,2024-06-16T11:19:02.839304335Z,20,2024-06-16T11:19:02.839304335Z,true,2024-06-16T11:20:06.731584223Z,swipeProfile_21,2024-06-16T11:19:02.839304335Z,01J0GCB9NVYAFJVZWS3E4PZYNT,2024-06-16T11:19:02.839304335Z,true,2024-06-16T11:20:06.713951851Z,true,2024-06-16T11:20:06.759285363Z,01J0GCB9SJ8C61JJRH8TZSJX3H,2024-06-16T11:19:02.839304335Z
01J0GCGCK6DTKV3V10G8YYRK55,01J0GCAMGH3GEWSNDT77C14KHD,2024-06-16T11:21:49.414986441Z,3000,2024-06-16T11:21:49.414986441Z,true,2024-06-16T11:22:58.499972714Z,01J0GCAMH923Z3R2D5GF01J956,2024-06-16T11:21:49.414986441Z,20,2024-06-16T11:21:49.414986441Z,true,2024-06-16T11:22:56.927031722Z,swipeProfile_21,2024-06-16T11:21:49.414986441Z,01J0GCGCCKGDQGDQ899CDCQVV5,2024-06-16T11:21:49.414986441Z,true,2024-06-16T11:22:56.910888694Z,true,2024-06-16T11:22:56.963272612Z,01J0GCGCG20S8E7JYE7N8PJSG9,2024-06-16T11:21:49.414986441Z
01J0GCGCK6DTKV3V10E8MXKHMH,01J0GCAMGH3GEWSNDT77C14KHD,2024-06-16T11:21:49.414133471Z,3000,2024-06-16T11:21:49.414133471Z,true,2024-06-16T11:22:50.281532519Z,01J0GCAMH923Z3R2D5GF01J956,2024-06-16T11:21:49.414133471Z,17,2024-06-16T11:21:49.414133471Z,true,2024-06-16T11:22:48.826956838Z,swipeProfile_18,2024-06-16T11:21:49.414133471Z,01J0GCGCCKGDQGDQ899CDCQVV5,2024-06-16T11:21:49.414133471Z,true,2024-06-16T11:22:48.811007142Z,true,2024-06-16T11:22:48.849433133Z,01J0GCGCFQ849JC6RDX0K0SV0E,2024-06-16T11:21:49.414133471Z
01J0GCGCKDSEY2S7VSQ1FCNSCD,01J0GCAMGH3GEWSNDT77C14KHD,2024-06-16T11:21:49.421219516Z,3000,2024-06-16T11:21:49.421219516Z,true,2024-06-16T11:23:51.559531391Z,01J0GCAMH923Z3R2D5GF01J956,2024-06-16T11:21:49.421219516Z,41,2024-06-16T11:21:49.421219516Z,true,2024-06-16T11:23:50.015498191Z,swipeProfile_42,2024-06-16T11:21:49.421219516Z,01J0GCGCCKGDQGDQ899CDCQVV5,2024-06-16T11:21:49.421219516Z,true,2024-06-16T11:23:49.996576551Z,true,2024-06-16T11:23:50.044934489Z,01J0GCGCJ2JGY6YK4WEASZ36QR,2024-06-16T11:21:49.421219516Z
01J0GCB9XND25WSN05QDVKYCRQ,01J0GCAMGH3GEWSNDT77C14KHD,2024-06-16T11:19:02.837352622Z,3000,2024-06-16T11:19:02.837352622Z,true,2024-06-16T11:19:41.614372335Z,01J0GCAMHAA9DF5J62DBYAEYSJ,2024-06-16T11:19:02.837352622Z,8,2024-06-16T11:19:02.837352622Z,true,2024-06-16T11:19:40.073747199Z,swipeProfile_9,2024-06-16T11:19:02.837352622Z,01J0GCB9NVYAFJVZWS3E4PZYNT,2024-06-16T11:19:02.837352622Z,true,2024-06-16T11:19:40.056042499Z,true,2024-06-16T11:19:40.102779439Z,01J0GCB9R4B0N5W4W80C2WA93Q,2024-06-16T11:19:02.837352622Z
01J0GCB9XRKE0SX3G928PJXTDM,01J0GCAMGH3GEWSNDT77C14KHD,2024-06-16T11:19:02.840199225Z,3000,2024-06-16T11:19:02.840199225Z,true,2024-06-16T11:20:23.041135548Z,01J0GCAMHAA9DF5J62DBYAEYSJ,2024-06-16T11:19:02.840199225Z,26,2024-06-16T11:19:02.840199225Z,true,2024-06-16T11:20:16.645056802Z,swipeProfile_27,2024-06-16T11:19:02.840199225Z,01J0GCB9NVYAFJVZWS3E4PZYNT,2024-06-16T11:19:02.840199225Z,true,2024-06-16T11:20:16.628752434Z,true,2024-06-16T11:20:16.661461212Z,01J0GCB9T9AN0644GHQQDARDAH,2024-06-16T11:19:02.840199225Z
01J0GCGCK3RD1MEY5PWJBJ523S,01J0GCAMGH3GEWSNDT77C14KHD,2024-06-16T11:21:49.411722205Z,3000,2024-06-16T11:21:49.411722205Z,true,2024-06-16T11:22:29.136578813Z,01J0GCAMH923Z3R2D5GF01J956,2024-06-16T11:21:49.411722205Z,6,2024-06-16T11:21:49.411722205Z,true,2024-06-16T11:22:27.507741082Z,swipeProfile_7,2024-06-16T11:21:49.411722205Z,01J0GCGCCKGDQGDQ899CDCQVV5,2024-06-16T11:21:49.411722205Z,true,2024-06-16T11:22:27.495154472Z,true,2024-06-16T11:22:27.529389144Z,01J0GCGCEDV18Z0B3ZP56C6YY0,2024-06-16T11:21:49.411722205Z
01J0GCGCKCW5BJ61XCVDY4EBNR,01J0GCAMGH3GEWSNDT77C14KHD,2024-06-16T11:21:49.420577421Z,3000,2024-06-16T11:21:49.420577421Z,true,2024-06-16T11:23:48.407065252Z,01J0GCAMH923Z3R2D5GF01J956,2024-06-16T11:21:49.420577421Z,39,2024-06-16T11:21:49.420577421Z,true,2024-06-16T11:23:41.974137142Z,swipeProfile_40,2024-06-16T11:21:49.420577421Z,01J0GCGCCKGDQGDQ899CDCQVV5,2024-06-16T11:21:49.420577421Z,true,2024-06-16T11:23:41.963439564Z,true,2024-06-16T11:23:42.000984912Z,01J0GCGCHWSSSFH188HXSCYCMB,2024-06-16T11:21:49.420577421Z
01J0GCB9PS2BKKW3AJ04C036J3,01J0GCAMGH3GEWSNDT77C14KHD,2024-06-16T11:19:02.617437656Z,3000,2024-06-16T11:19:02.617437656Z,true,2024-06-16T11:19:20.984073323Z,01J0GCAMHAA9DF5J62DBYAEYSJ,2024-06-16T11:19:02.617437656Z,2,2024-06-16T11:19:02.617437656Z,true,2024-06-16T11:19:11.895112864Z,chooseCharacter,2024-06-16T11:19:02.617437656Z,01J0GCB9NTCXCKMKM2S5GNR7YM,2024-06-16T11:19:02.617437656Z,true,2024-06-16T11:19:11.883037176Z,true,2024-06-16T11:19:11.911911953Z,01J0GCB9PK8295BBD7AEWEV38N,2024-06-16T11:19:02.617437656Z
01J0GCB9XRKE0SX3G92WX7YHR8,01J0GCAMGH3GEWSNDT77C14KHD,2024-06-16T11:19:02.840346449Z,3000,2024-06-16T11:19:02.840346449Z,true,2024-06-16T11:20:24.7349729Z,01J0GCAMHAA9DF5J62DBYAEYSJ,2024-06-16T11:19:02.840346449Z,27,2024-06-16T11:19:02.840346449Z,true,2024-06-16T11:20:23.083033846Z,swipeProfile_28,2024-06-16T11:19:02.840346449Z,01J0GCB9NVYAFJVZWS3E4PZYNT,2024-06-16T11:19:02.840346449Z,true,2024-06-16T11:20:23.068760132Z,true,2024-06-16T11:20:23.116600645Z,01J0GCB9TC532JVG08NS64E3E0,2024-06-16T11:19:02.840346449Z
01J0GCGCKBEA1S3GMZAF5GKW7Y,01J0GCAMGH3GEWSNDT77C14KHD,2024-06-16T11:21:49.419436237Z,3000,2024-06-16T11:21:49.419436237Z,true,2024-06-16T11:23:37.066502905Z,01J0GCAMH923Z3R2D5GF01J956,2024-06-16T11:21:49.419436237Z,35,2024-06-16T11:21:49.419436237Z,true,2024-06-16T11:23:35.451798621Z,swipeProfile_36,2024-06-16T11:21:49.419436237Z,01J0GCGCCKGDQGDQ899CDCQVV5,2024-06-16T11:21:49.419436237Z,true,2024-06-16T11:23:35.439690852Z,true,2024-06-16T11:23:35.474296748Z,01J0GCGCHJENA2C5BC9FQSYQ2J,2024-06-16T11:21:49.419436237Z
01J0GCGCKCW5BJ61XCTVC8PVB5,01J0GCAMGH3GEWSNDT77C14KHD,2024-06-16T11:21:49.420324906Z,3000,2024-06-16T11:21:49.420324906Z,true,2024-06-16T11:23:41.949938214Z,01J0GCAMH923Z3R2D5GF01J956,2024-06-16T11:21:49.420324906Z,38,2024-06-16T11:21:49.420324906Z,true,2024-06-16T11:23:40.407692653Z,swipeProfile_39,2024-06-16T11:21:49.420324906Z,01J0GCGCCKGDQGDQ899CDCQVV5,2024-06-16T11:21:49.420324906Z,true,2024-06-16T11:23:40.387270127Z,true,2024-06-16T11:23:40.428648765Z,01J0GCGCHT3AGDWK9MVZ64AQC9,2024-06-16T11:21:49.420324906Z
01J0GCGCKEWFWGQ1NXZBX5X3B9,01J0GCAMGH3GEWSNDT77C14KHD,2024-06-16T11:21:49.422924965Z,3000,2024-06-16T11:21:49.422924965Z,true,2024-06-16T11:24:02.170698859Z,01J0GCAMH923Z3R2D5GF01J956,2024-06-16T11:21:49.422924965Z,47,2024-06-16T11:21:49.422924965Z,true,2024-06-16T11:24:00.454295024Z,swipeProfile_48,2024-06-16T11:21:49.422924965Z,01J0GCGCCKGDQGDQ899CDCQVV5,2024-06-16T11:21:49.422924965Z,true,2024-06-16T11:24:00.438136486Z,true,2024-06-16T11:24:00.477161619Z,01J0GCGCJKZRT68Q0GG4N61TY8,2024-06-16T11:21:49.422924965Z
01J0GCB9XND25WSN05PX72M9C9,01J0GCAMGH3GEWSNDT77C14KHD,2024-06-16T11:19:02.837172035Z,3000,2024-06-16T11:19:02.837172035Z,true,2024-06-16T11:19:40.043840467Z,01J0GCAMHAA9DF5J62DBYAEYSJ,2024-06-16T11:19:02.837172035Z,7,2024-06-16T11:19:02.837172035Z,true,2024-06-16T11:19:38.416770335Z,swipeProfile_8,2024-06-16T11:19:02.837172035Z,01J0GCB9NVYAFJVZWS3E4PZYNT,2024-06-16T11:19:02.837172035Z,true,2024-06-16T11:19:38.402255046Z,true,2024-06-16T11:19:38.434570118Z,01J0GCB9R0YNPVF1YPXE8VS98A,2024-06-16T11:19:02.837172035Z
01J0GCB9Y6CH155F507Y1873JH,01J0GCAMGH3GEWSNDT77C14KHD,2024-06-16T11:19:02.854184935Z,3000,2024-06-16T11:19:02.854184935Z,true,2024-06-16T11:21:08.527873019Z,01J0GCAMHAA9DF5J62DBYAEYSJ,2024-06-16T11:19:02.854184935Z,47,2024-06-16T11:19:02.854184935Z,true,2024-06-16T11:21:06.889032299Z,swipeProfile_48,2024-06-16T11:19:02.854184935Z,01J0GCB9NVYAFJVZWS3E4PZYNT,2024-06-16T11:19:02.854184935Z,true,2024-06-16T11:21:06.880386807Z,true,2024-06-16T11:21:06.919539365Z,01J0GCB9WNT185CM4QCXCZS22S,2024-06-16T11:19:02.854184935Z
01J0GCGCK7J8GQDSR517AQG4QM,01J0GCAMGH3GEWSNDT77C14KHD,2024-06-16T11:21:49.415647423Z,3000,2024-06-16T11:21:49.415647423Z,true,2024-06-16T11:23:03.362436496Z,01J0GCAMH923Z3R2D5GF01J956,2024-06-16T11:21:49.415647423Z,23,2024-06-16T11:21:49.415647423Z,true,2024-06-16T11:23:01.670129535Z,swipeProfile_24,2024-06-16T11:21:49.415647423Z,01J0GCGCCKGDQGDQ899CDCQVV5,2024-06-16T11:21:49.415647423Z,true,2024-06-16T11:23:01.651021467Z,true,2024-06-16T11:23:01.694882828Z,01J0GCGCGBA71Q3PGEGGZ9S5B8,2024-06-16T11:21:49.415647423Z
01J0GCB9XP940WR2CSSVDQEEH6,01J0GCAMGH3GEWSNDT77C14KHD,2024-06-16T11:19:02.83803277Z,3000,2024-06-16T11:19:02.83803277Z,true,2024-06-16T11:19:51.688118422Z,01J0GCAMHAA9DF5J62DBYAEYSJ,2024-06-16T11:19:02.83803277Z,12,2024-06-16T11:19:02.83803277Z,true,2024-06-16T11:19:50.036009703Z,swipeProfile_13,2024-06-16T11:19:02.83803277Z,01J0GCB9NVYAFJVZWS3E4PZYNT,2024-06-16T11:19:02.83803277Z,true,2024-06-16T11:19:50.026691586Z,true,2024-06-16T11:19:50.066005455Z,01J0GCB9RMDYEQQBGA4YRBE3D5,2024-06-16T11:19:02.83803277Z
01J0GCB9XP940WR2CSXWAXYVBY,01J0GCAMGH3GEWSNDT77C14KHD,2024-06-16T11:19:02.839002444Z,3000,2024-06-16T11:19:02.839002444Z,true,2024-06-16T11:20:01.669631337Z,01J0GCAMHAA9DF5J62DBYAEYSJ,2024-06-16T11:19:02.839002444Z,18,2024-06-16T11:19:02.839002444Z,true,2024-06-16T11:20:00.091113559Z,swipeProfile_19,2024-06-16T11:19:02.839002444Z,01J0GCB9NVYAFJVZWS3E4PZYNT,2024-06-16T11:19:02.839002444Z,true,2024-06-16T11:20:00.077133049Z,true,2024-06-16T11:20:00.117909119Z,01J0GCB9SBFXV9JY7MXPMYPZA9,2024-06-16T11:19:02.839002444Z
01J0GCB9XQKA29Y9M75QJWDPAA,01J0GCAMGH3GEWSNDT77C14KHD,2024-06-16T11:19:02.839148525Z,3000,2024-06-16T11:19:02.839148525Z,true,2024-06-16T11:20:06.698388958Z,01J0GCAMHAA9DF5J62DBYAEYSJ,2024-06-16T11:19:02.839148525Z,19,2024-06-16T11:19:02.839148525Z,true,2024-06-16T11:20:01.711467886Z,swipeProfile_20,2024-06-16T11:19:02.839148525Z,01J0GCB9NVYAFJVZWS3E4PZYNT,2024-06-16T11:19:02.839148525Z,true,2024-06-16T11:20:01.686781872Z,true,2024-06-16T11:20:01.742043873Z,01J0GCB9SFQ24GSCXFQ95KMJ8R,2024-06-16T11:19:02.839148525Z
01J0GCGCK4TS2ZMT0WZX9QZRYH,01J0GCAMGH3GEWSNDT77C14KHD,2024-06-16T11:21:49.41300913Z,3000,2024-06-16T11:21:49.41300913Z,true,2024-06-16T11:22:42.525531713Z,01J0GCAMH923Z3R2D5GF01J956,2024-06-16T11:21:49.41300913Z,12,2024-06-16T11:21:49.41300913Z,true,2024-06-16T11:22:40.882572069Z,swipeProfile_13,2024-06-16T11:21:49.41300913Z,01J0GCGCCKGDQGDQ899CDCQVV5,2024-06-16T11:21:49.41300913Z,true,2024-06-16T11:22:40.86956481Z,true,2024-06-16T11:22:40.898788949Z,01J0GCGCF4225GW9SSH3NV0J33,2024-06-16T11:21:49.41300913Z
01J0GCGCKEWFWGQ1NXYSA5W9A9,01J0GCAMGH3GEWSNDT77C14KHD,2024-06-16T11:21:49.422657271Z,3000,2024-06-16T11:21:49.422657271Z,true,2024-06-16T11:24:00.414594702Z,01J0GCAMH923Z3R2D5GF01J956,2024-06-16T11:21:49.422657271Z,46,2024-06-16T11:21:49.422657271Z,true,2024-06-16T11:23:58.835925244Z,swipeProfile_47,2024-06-16T11:21:49.422657271Z,01J0GCGCCKGDQGDQ899CDCQVV5,2024-06-16T11:21:49.422657271Z,true,2024-06-16T11:23:58.826196708Z,true,2024-06-16T11:23:58.857629193Z,01J0GCGCJGRJ0BQ7Q2NZEPXGAX,2024-06-16T11:21:49.422657271Z
01J0GCGCPENPCCAXJ766HXMYKC,01J0GCAMGH3GEWSNDT77C14KHD,2024-06-16T11:21:49.518888082Z,3000,2024-06-16T11:21:49.518888082Z,true,2024-06-16T11:24:26.041575146Z,01J0GCAMH923Z3R2D5GF01J956,2024-06-16T11:21:49.518888082Z,0,2024-06-16T11:21:49.518888082Z,true,2024-06-16T11:24:11.377007481Z,endSurveyRecommendationSystem,2024-06-16T11:21:49.518888082Z,01J0GCGCD0T85NTARGZVPQME6G,2024-06-16T11:21:49.518888082Z,true,2024-06-16T11:24:11.361662246Z,true,2024-06-16T11:24:11.3894531Z,01J0GCGCNQ7XT0MFJV1N0S1C8S,2024-06-16T11:21:49.518888082Z
01J0GCB9Y4ZS72Q27NWSV4DB3D,01J0GCAMGH3GEWSNDT77C14KHD,2024-06-16T11:19:02.852583917Z,3000,2024-06-16T11:19:02.852583917Z,true,2024-06-16T11:20:57.25318909Z,01J0GCAMHAA9DF5J62DBYAEYSJ,2024-06-16T11:19:02.852583917Z,40,2024-06-16T11:19:02.852583917Z,true,2024-06-16T11:20:55.654239946Z,swipeProfile_41,2024-06-16T11:19:02.852583917Z,01J0GCB9NVYAFJVZWS3E4PZYNT,2024-06-16T11:19:02.852583917Z,true,2024-06-16T11:20:55.641532604Z,true,2024-06-16T11:20:55.683573586Z,01J0GCB9VZQHQ0FG9BTRAE7N0N,2024-06-16T11:19:02.852583917Z
01J0GCGCKDSEY2S7VSQP5JQ15N,01J0GCAMGH3GEWSNDT77C14KHD,2024-06-16T11:21:49.421416926Z,3000,2024-06-16T11:21:49.421416926Z,true,2024-06-16T11:23:53.157167038Z,01J0GCAMH923Z3R2D5GF01J956,2024-06-16T11:21:49.421416926Z,42,2024-06-16T11:21:49.421416926Z,true,2024-06-16T11:23:51.594526246Z,swipeProfile_43,2024-06-16T11:21:49.421416926Z,01J0GCGCCKGDQGDQ899CDCQVV5,2024-06-16T11:21:49.421416926Z,true,2024-06-16T11:23:51.577319211Z,true,2024-06-16T11:23:51.623307474Z,01J0GCGCJ4H4KWTK4HHTF7GSGY,2024-06-16T11:21:49.421416926Z
01J0GCGCKF26SZF9P8STFBHK57,01J0GCAMGH3GEWSNDT77C14KHD,2024-06-16T11:21:49.42318739Z,3000,2024-06-16T11:21:49.42318739Z,true,2024-06-16T11:24:04.173751751Z,01J0GCAMH923Z3R2D5GF01J956,2024-06-16T11:21:49.42318739Z,48,2024-06-16T11:21:49.42318739Z,true,2024-06-16T11:24:02.200318238Z,swipeProfile_49,2024-06-16T11:21:49.42318739Z,01J0GCGCCKGDQGDQ899CDCQVV5,2024-06-16T11:21:49.42318739Z,true,2024-06-16T11:24:02.183120622Z,true,2024-06-16T11:24:02.223767033Z,01J0GCGCJPJB87786PM0B50646,2024-06-16T11:21:49.42318739Z
01J0GCB9XP940WR2CSX419Q5DS,01J0GCAMGH3GEWSNDT77C14KHD,2024-06-16T11:19:02.838851514Z,3000,2024-06-16T11:19:02.838851514Z,true,2024-06-16T11:20:00.064496854Z,01J0GCAMHAA9DF5J62DBYAEYSJ,2024-06-16T11:19:02.838851514Z,17,2024-06-16T11:19:02.838851514Z,true,2024-06-16T11:19:58.355330108Z,swipeProfile_18,2024-06-16T11:19:02.838851514Z,01J0GCB9NVYAFJVZWS3E4PZYNT,2024-06-16T11:19:02.838851514Z,true,2024-06-16T11:19:58.342480962Z,true,2024-06-16T11:19:58.379586034Z,01J0GCB9S8QX2FR9W8X0Q3BB4W,2024-06-16T11:19:02.838851514Z
01J0GCB9XQKA29Y9M77HRZYNCE,01J0GCAMGH3GEWSNDT77C14KHD,2024-06-16T11:19:02.83959864Z,3000,2024-06-16T11:19:02.83959864Z,true,2024-06-16T11:20:11.598738181Z,01J0GCAMHAA9DF5J62DBYAEYSJ,2024-06-16T11:19:02.83959864Z,22,2024-06-16T11:19:02.83959864Z,true,2024-06-16T11:20:09.896425936Z,swipeProfile_23,2024-06-16T11:19:02.83959864Z,01J0GCB9NVYAFJVZWS3E4PZYNT,2024-06-16T11:19:02.83959864Z,true,2024-06-16T11:20:09.880193937Z,true,2024-06-16T11:20:09.916666883Z,01J0GCB9SS5PCTBEQH8RGM92WF,2024-06-16T11:19:02.83959864Z
01J0GCB9Y319KCPYKCJY071C01,01J0GCAMGH3GEWSNDT77C14KHD,2024-06-16T11:19:02.851786634Z,3000,2024-06-16T11:19:02.851786634Z,true,2024-06-16T11:20:47.695558551Z,01J0GCAMHAA9DF5J62DBYAEYSJ,2024-06-16T11:19:02.851786634Z,36,2024-06-16T11:19:02.851786634Z,true,2024-06-16T11:20:46.140914241Z,swipeProfile_37,2024-06-16T11:19:02.851786634Z,01J0GCB9NVYAFJVZWS3E4PZYNT,2024-06-16T11:19:02.851786634Z,true,2024-06-16T11:20:46.126404103Z,true,2024-06-16T11:20:46.167061855Z,01J0GCB9VHK5FYKDFP142Q6760,2024-06-16T11:19:02.851786634Z
01J0GCB9Y6CH155F508K90C73M,01J0GCAMGH3GEWSNDT77C14KHD,2024-06-16T11:19:02.85433827Z,3000,2024-06-16T11:19:02.85433827Z,true,2024-06-16T11:21:10.270602711Z,01J0GCAMHAA9DF5J62DBYAEYSJ,2024-06-16T11:19:02.85433827Z,48,2024-06-16T11:19:02.85433827Z,true,2024-06-16T11:21:08.549051659Z,swipeProfile_49,2024-06-16T11:19:02.85433827Z,01J0GCB9NVYAFJVZWS3E4PZYNT,2024-06-16T11:19:02.85433827Z,true,2024-06-16T11:21:08.538579584Z,true,2024-06-16T11:21:08.567377885Z,01J0GCB9WS7HPQGAP5M5MTPCAA,2024-06-16T11:19:02.85433827Z
01J0GCGCK4TS2ZMT0WY2J5ZAAG,01J0GCAMGH3GEWSNDT77C14KHD,2024-06-16T11:21:49.412303503Z,3000,2024-06-16T11:21:49.412303503Z,true,2024-06-16T11:22:37.53101756Z,01J0GCAMH923Z3R2D5GF01J956,2024-06-16T11:21:49.412303503Z,9,2024-06-16T11:21:49.412303503Z,true,2024-06-16T11:22:32.466910953Z,swipeProfile_10,2024-06-16T11:21:49.412303503Z,01J0GCGCCKGDQGDQ899CDCQVV5,2024-06-16T11:21:49.412303503Z,true,2024-06-16T11:22:32.456100638Z,true,2024-06-16T11:22:32.487528074Z,01J0GCGCEPQ8G6N2NX9NRHQ6FE,2024-06-16T11:21:49.412303503Z
01J0GCGCK7J8GQDSR50MNQ7CRY,01J0GCAMGH3GEWSNDT77C14KHD,2024-06-16T11:21:49.415419794Z,3000,2024-06-16T11:21:49.415419794Z,true,2024-06-16T11:23:01.638761404Z,01J0GCAMH923Z3R2D5GF01J956,2024-06-16T11:21:49.415419794Z,22,2024-06-16T11:21:49.415419794Z,true,2024-06-16T11:23:00.121554444Z,swipeProfile_23,2024-06-16T11:21:49.415419794Z,01J0GCGCCKGDQGDQ899CDCQVV5,2024-06-16T11:21:49.415419794Z,true,2024-06-16T11:23:00.105946515Z,true,2024-06-16T11:23:00.141466318Z,01J0GCGCG9Z7JY6YHKFYDCKH1T,2024-06-16T11:21:49.415419794Z
01J0GCGCK8P1J8Y850SN8YRCT4,01J0GCAMGH3GEWSNDT77C14KHD,2024-06-16T11:21:49.416432382Z,3000,2024-06-16T11:21:49.416432382Z,true,2024-06-16T11:23:13.772141651Z,01J0GCAMH923Z3R2D5GF01J956,2024-06-16T11:21:49.416432382Z,26,2024-06-16T11:21:49.416432382Z,true,2024-06-16T11:23:07.08874659Z,swipeProfile_27,2024-06-16T11:21:49.416432382Z,01J0GCGCCKGDQGDQ899CDCQVV5,2024-06-16T11:21:49.416432382Z,true,2024-06-16T11:23:07.069447824Z,true,2024-06-16T11:23:07.117015503Z,01J0GCGCGKX8A43X0CPRT5TC5A,2024-06-16T11:21:49.416432382Z
01J0GCGCK8P1J8Y850T5DHNVZ2,01J0GCAMGH3GEWSNDT77C14KHD,2024-06-16T11:21:49.416777495Z,3000,2024-06-16T11:21:49.416777495Z,true,2024-06-16T11:23:15.513299424Z,01J0GCAMH923Z3R2D5GF01J956,2024-06-16T11:21:49.416777495Z,27,2024-06-16T11:21:49.416777495Z,true,2024-06-16T11:23:13.798253556Z,swipeProfile_28,2024-06-16T11:21:49.416777495Z,01J0GCGCCKGDQGDQ899CDCQVV5,2024-06-16T11:21:49.416777495Z,true,2024-06-16T11:23:13.785813598Z,true,2024-06-16T11:23:13.824602869Z,01J0GCGCGP84NJMDHTD9RGM58B,2024-06-16T11:21:49.416777495Z
01J0GCB9PS2BKKW3AHZGA740NK,01J0GCAMGH3GEWSNDT77C14KHD,2024-06-16T11:19:02.617258161Z,3000,2024-06-16T11:19:02.617258161Z,true,2024-06-16T11:19:11.865869808Z,01J0GCAMHAA9DF5J62DBYAEYSJ,2024-06-16T11:19:02.617258161Z,1,2024-06-16T11:19:02.617258161Z,true,2024-06-16T11:19:05.451838595Z,pickCharacterTraits,2024-06-16T11:19:02.617258161Z,01J0GCB9NTCXCKMKM2S5GNR7YM,2024-06-16T11:19:02.617258161Z,true,2024-06-16T11:19:05.439713783Z,true,2024-06-16T11:19:05.462440088Z,01J0GCB9PE46SB63XX04E2KSGP,2024-06-16T11:19:02.617258161Z
01J0GCB9XRKE0SX3G94X6Z4DWZ,01J0GCAMGH3GEWSNDT77C14KHD,2024-06-16T11:19:02.840870626Z,3000,2024-06-16T11:19:02.840870626Z,true,2024-06-16T11:20:32.904663348Z,01J0GCAMHAA9DF5J62DBYAEYSJ,2024-06-16T11:19:02.840870626Z,30,2024-06-16T11:19:02.840870626Z,true,2024-06-16T11:20:31.281275124Z,swipeProfile_31,2024-06-16T11:19:02.840870626Z,01J0GCB9NVYAFJVZWS3E4PZYNT,2024-06-16T11:19:02.840870626Z,true,2024-06-16T11:20:31.267614469Z,true,2024-06-16T11:20:31.304636431Z,01J0GCB9TTNTGZZWBNXHJVS6VY,2024-06-16T11:19:02.840870626Z
01J0GCB9Y319KCPYKCKG7006TA,01J0GCAMGH3GEWSNDT77C14KHD,2024-06-16T11:19:02.851964215Z,3000,2024-06-16T11:19:02.851964215Z,true,2024-06-16T11:20:49.405986486Z,01J0GCAMHAA9DF5J62DBYAEYSJ,2024-06-16T11:19:02.851964215Z,37,2024-06-16T11:19:02.851964215Z,true,2024-06-16T11:20:47.728077273Z,swipeProfile_38,2024-06-16T11:19:02.851964215Z,01J0GCB9NVYAFJVZWS3E4PZYNT,2024-06-16T11:19:02.851964215Z,true,2024-06-16T11:20:47.707410377Z,true,2024-06-16T11:20:47.767402634Z,01J0GCB9VN0KBNX30B9QDB0Z3K,2024-06-16T11:19:02.851964215Z
01J0GCGCK4TS2ZMT0WYNYQM1W2,01J0GCAMGH3GEWSNDT77C14KHD,2024-06-16T11:21:49.412498989Z,3000,2024-06-16T11:21:49.412498989Z,true,2024-06-16T11:22:39.077924691Z,01J0GCAMH923Z3R2D5GF01J956,2024-06-16T11:21:49.412498989Z,10,2024-06-16T11:21:49.412498989Z,true,2024-06-16T11:22:37.565380009Z,swipeProfile_11,2024-06-16T11:21:49.412498989Z,01J0GCGCCKGDQGDQ899CDCQVV5,2024-06-16T11:21:49.412498989Z,true,2024-06-16T11:22:37.54711433Z,true,2024-06-16T11:22:37.590938661Z,01J0GCGCESTBT194YFW0PCW9SK,2024-06-16T11:21:49.412498989Z
01J0GCB9XQKA29Y9M76XDV15NR,01J0GCAMGH3GEWSNDT77C14KHD,2024-06-16T11:19:02.839445556Z,3000,2024-06-16T11:19:02.839445556Z,true,2024-06-16T11:20:09.865300552Z,01J0GCAMHAA9DF5J62DBYAEYSJ,2024-06-16T11:19:02.839445556Z,21,2024-06-16T11:19:02.839445556Z,true,2024-06-16T11:20:08.324970517Z,swipeProfile_22,2024-06-16T11:19:02.839445556Z,01J0GCB9NVYAFJVZWS3E4PZYNT,2024-06-16T11:19:02.839445556Z,true,2024-06-16T11:20:08.313369071Z,true,2024-06-16T11:20:08.344556044Z,01J0GCB9SN1DY0MFFXN2GE46R9,2024-06-16T11:19:02.839445556Z
01J0GCB9Y319KCPYKCHHBBB5MA,01J0GCAMGH3GEWSNDT77C14KHD,2024-06-16T11:19:02.851305008Z,3000,2024-06-16T11:19:02.851305008Z,true,2024-06-16T11:20:44.448393378Z,01J0GCAMHAA9DF5J62DBYAEYSJ,2024-06-16T11:19:02.851305008Z,34,2024-06-16T11:19:02.851305008Z,true,2024-06-16T11:20:42.687814805Z,swipeProfile_35,2024-06-16T11:19:02.851305008Z,01J0GCB9NVYAFJVZWS3E4PZYNT,2024-06-16T11:19:02.851305008Z,true,2024-06-16T11:20:42.676337608Z,true,2024-06-16T11:20:42.714337149Z,01J0GCB9VAXAPYQD3FD32SS7JX,2024-06-16T11:19:02.851305008Z
01J0GCGCDFH04SBKQ08Z2XHTMY,01J0GCAMGH3GEWSNDT77C14KHD,2024-06-16T11:21:49.231509192Z,3000,2024-06-16T11:21:49.231509192Z,true,2024-06-16T11:22:11.164457491Z,01J0GCAMH923Z3R2D5GF01J956,2024-06-16T11:21:49.231509192Z,2,2024-06-16T11:21:49.231509192Z,true,2024-06-16T11:21:59.329006173Z,chooseCharacter,2024-06-16T11:21:49.231509192Z,01J0GCGCCGY7BDCPXR7260XXNM,2024-06-16T11:21:49.231509192Z,true,2024-06-16T11:21:59.315652117Z,true,2024-06-16T11:21:59.351863861Z,01J0GCGCDBZP9K59YW5MNWNP80,2024-06-16T11:21:49.231509192Z
01J0GCGCK5DVSYHZHT284Q2V4W,01J0GCAMGH3GEWSNDT77C14KHD,2024-06-16T11:21:49.413728192Z,3000,2024-06-16T11:21:49.413728192Z,true,2024-06-16T11:22:47.22808931Z,01J0GCAMH923Z3R2D5GF01J956,2024-06-16T11:21:49.413728192Z,15,2024-06-16T11:21:49.413728192Z,true,2024-06-16T11:22:45.656356477Z,swipeProfile_16,2024-06-16T11:21:49.413728192Z,01J0GCGCCKGDQGDQ899CDCQVV5,2024-06-16T11:21:49.413728192Z,true,2024-06-16T11:22:45.641809268Z,true,2024-06-16T11:22:45.685354392Z,01J0GCGCFEC2DFAKJZ47E6XP0R,2024-06-16T11:21:49.413728192Z
01J0GCB9XMDNFKQZJTM4DR42RT,01J0GCAMGH3GEWSNDT77C14KHD,2024-06-16T11:19:02.836830969Z,3000,2024-06-16T11:19:02.836830969Z,true,2024-06-16T11:19:36.666260375Z,01J0GCAMHAA9DF5J62DBYAEYSJ,2024-06-16T11:19:02.836830969Z,5,2024-06-16T11:19:02.836830969Z,true,2024-06-16T11:19:35.073333858Z,swipeProfile_6,2024-06-16T11:19:02.836830969Z,01J0GCB9NVYAFJVZWS3E4PZYNT,2024-06-16T11:19:02.836830969Z,true,2024-06-16T11:19:35.058847806Z,true,2024-06-16T11:19:35.091231118Z,01J0GCB9QQHQ878KRETNTVWBKB,2024-06-16T11:19:02.836830969Z
01J0GCB9XP940WR2CSTGHHN5NB,01J0GCAMGH3GEWSNDT77C14KHD,2024-06-16T11:19:02.838202526Z,3000,2024-06-16T11:19:02.838202526Z,true,2024-06-16T11:19:53.365581495Z,01J0GCAMHAA9DF5J62DBYAEYSJ,2024-06-16T11:19:02.838202526Z,13,2024-06-16T11:19:02.838202526Z,true,2024-06-16T11:19:51.707425003Z,swipeProfile_14,2024-06-16T11:19:02.838202526Z,01J0GCB9NVYAFJVZWS3E4PZYNT,2024-06-16T11:19:02.838202526Z,true,2024-06-16T11:19:51.699875557Z,true,2024-06-16T11:19:51.720585586Z,01J0GCB9RRG5N88H4R95V2RH5R,2024-06-16T11:19:02.838202526Z
01J0GCB9XRKE0SX3G91J5D51E2,01J0GCAMGH3GEWSNDT77C14KHD,2024-06-16T11:19:02.840047874Z,3000,2024-06-16T11:19:02.840047874Z,true,2024-06-16T11:20:16.620173779Z,01J0GCAMHAA9DF5J62DBYAEYSJ,2024-06-16T11:19:02.840047874Z,25,2024-06-16T11:19:02.840047874Z,true,2024-06-16T11:20:14.986072132Z,swipeProfile_26,2024-06-16T11:19:02.840047874Z,01J0GCB9NVYAFJVZWS3E4PZYNT,2024-06-16T11:19:02.840047874Z,true,2024-06-16T11:20:14.972259955Z,true,2024-06-16T11:20:15.001494414Z,01J0GCB9T636XSZ0EE5V4HYSGX,2024-06-16T11:19:02.840047874Z
01J0GCGCK4TS2ZMT0WX7B8MCDM,01J0GCAMGH3GEWSNDT77C14KHD,2024-06-16T11:21:49.412114229Z,3000,2024-06-16T11:21:49.412114229Z,true,2024-06-16T11:22:32.445525506Z,01J0GCAMH923Z3R2D5GF01J956,2024-06-16T11:21:49.412114229Z,8,2024-06-16T11:21:49.412114229Z,true,2024-06-16T11:22:30.964585652Z,swipeProfile_9,2024-06-16T11:21:49.412114229Z,01J0GCGCCKGDQGDQ899CDCQVV5,2024-06-16T11:21:49.412114229Z,true,2024-06-16T11:22:30.952293899Z,true,2024-06-16T11:22:30.99013219Z,01J0GCGCEKYQ7EX92F8E15DDXF,2024-06-16T11:21:49.412114229Z
01J0GCGCK8P1J8Y850S56GDWE2,01J0GCAMGH3GEWSNDT77C14KHD,2024-06-16T11:21:49.416178193Z,3000,2024-06-16T11:21:49.416178193Z,true,2024-06-16T11:23:07.056121402Z,01J0GCAMH923Z3R2D5GF01J956,2024-06-16T11:21:49.416178193Z,25,2024-06-16T11:21:49.416178193Z,true,2024-06-16T11:23:05.152792066Z,swipeProfile_26,2024-06-16T11:21:49.416178193Z,01J0GCGCCKGDQGDQ899CDCQVV5,2024-06-16T11:21:49.416178193Z,true,2024-06-16T11:23:05.129762928Z,true,2024-06-16T11:23:05.178262608Z,01J0GCGCGHAXNY8XRTBZMCXPMW,2024-06-16T11:21:49.416178193Z
01J0GCGCK9FX50GC6X7ZBQK2MX,01J0GCAMGH3GEWSNDT77C14KHD,2024-06-16T11:21:49.417100877Z,3000,2024-06-16T11:21:49.417100877Z,true,2024-06-16T11:23:17.014584864Z,01J0GCAMH923Z3R2D5GF01J956,2024-06-16T11:21:49.417100877Z,28,2024-06-16T11:21:49.417100877Z,true,2024-06-16T11:23:15.545543229Z,swipeProfile_29,2024-06-16T11:21:49.417100877Z,01J0GCGCCKGDQGDQ899CDCQVV5,2024-06-16T11:21:49.417100877Z,true,2024-06-16T11:23:15.530160373Z,true,2024-06-16T11:23:15.570065428Z,01J0GCGCGT7HMM10RYJB0SQZKH,2024-06-16T11:21:49.417100877Z
01J0GCB9XJRPH9D2QQ3B8YR2JF,01J0GCAMGH3GEWSNDT77C14KHD,2024-06-16T11:19:02.834563129Z,3000,2024-06-16T11:19:02.834563129Z,true,2024-06-16T11:19:27.926927882Z,01J0GCAMHAA9DF5J62DBYAEYSJ,2024-06-16T11:19:02.834563129Z,3,2024-06-16T11:19:02.834563129Z,true,2024-06-16T11:19:26.093007912Z,swipeProfile_4,2024-06-16T11:19:02.834563129Z,01J0GCB9NVYAFJVZWS3E4PZYNT,2024-06-16T11:19:02.834563129Z,true,2024-06-16T11:19:26.078005868Z,true,2024-06-16T11:19:26.129571301Z,01J0GCB9QE7MZXKZPRXR4FY752,2024-06-16T11:19:02.834563129Z
01J0GCB9XP940WR2CSV6J5HBK1,01J0GCAMGH3GEWSNDT77C14KHD,2024-06-16T11:19:02.838349889Z,3000,2024-06-16T11:19:02.838349889Z,true,2024-06-16T11:19:55.072482516Z,01J0GCAMHAA9DF5J62DBYAEYSJ,2024-06-16T11:19:02.838349889Z,14,2024-06-16T11:19:02.838349889Z,true,2024-06-16T11:19:53.393106387Z,swipeProfile_15,2024-06-16T11:19:02.838349889Z,01J0GCB9NVYAFJVZWS3E4PZYNT,2024-06-16T11:19:02.838349889Z,true,2024-06-16T11:19:53.381868329Z,true,2024-06-16T11:19:53.407538685Z,01J0GCB9RV3Z7MKT1X6R93SSCF,2024-06-16T11:19:02.838349889Z
01J0GCB9Y51B03RGT2ESSH67CJ,01J0GCAMGH3GEWSNDT77C14KHD,2024-06-16T11:19:02.853244517Z,3000,2024-06-16T11:19:02.853244517Z,true,2024-06-16T11:21:00.458227421Z,01J0GCAMHAA9DF5J62DBYAEYSJ,2024-06-16T11:19:02.853244517Z,42,2024-06-16T11:19:02.853244517Z,true,2024-06-16T11:20:58.947242669Z,swipeProfile_43,2024-06-16T11:19:02.853244517Z,01J0GCB9NVYAFJVZWS3E4PZYNT,2024-06-16T11:19:02.853244517Z,true,2024-06-16T11:20:58.93443829Z,true,2024-06-16T11:20:58.964842027Z,01J0GCB9W6KSVHH6SX5K7WMDBF,2024-06-16T11:19:02.853244517Z
01J0GCB9Y51B03RGT2FVTVM0VG,01J0GCAMGH3GEWSNDT77C14KHD,2024-06-16T11:19:02.85365662Z,3000,2024-06-16T11:19:02.85365662Z,true,2024-06-16T11:21:03.601993035Z,01J0GCAMHAA9DF5J62DBYAEYSJ,2024-06-16T11:19:02.85365662Z,44,2024-06-16T11:19:02.85365662Z,true,2024-06-16T11:21:02.061655362Z,swipeProfile_45,2024-06-16T11:19:02.85365662Z,01J0GCB9NVYAFJVZWS3E4PZYNT,2024-06-16T11:19:02.85365662Z,true,2024-06-16T11:21:02.045722087Z,true,2024-06-16T11:21:02.081421506Z,01J0GCB9WDDEQ7QTJ10NS09ZVB,2024-06-16T11:19:02.85365662Z
01J0GCGCKF26SZF9P8TCE6KGP5,01J0GCAMGH3GEWSNDT77C14KHD,2024-06-16T11:21:49.423401451Z,3000,2024-06-16T11:21:49.423401451Z,true,2024-06-16T11:24:11.302198805Z,01J0GCAMH923Z3R2D5GF01J956,2024-06-16T11:21:49.423401451Z,49,2024-06-16T11:21:49.423401451Z,true,2024-06-16T11:24:04.197065476Z,swipeProfile_50,2024-06-16T11:21:49.423401451Z,01J0GCGCCKGDQGDQ899CDCQVV5,2024-06-16T11:21:49.423401451Z,true,2024-06-16T11:24:04.182809195Z,true,2024-06-16T11:24:04.21862117Z,01J0GCGCJRJ63RQZ83GZNW0Y3J,2024-06-16T11:21:49.423401451Z
01J0GCGCDFH04SBKQ089B3WH21,01J0GCAMGH3GEWSNDT77C14KHD,2024-06-16T11:21:49.231308376Z,3000,2024-06-16T11:21:49.231308376Z,true,2024-06-16T11:21:59.302631352Z,01J0GCAMH923Z3R2D5GF01J956,2024-06-16T11:21:49.231308376Z,1,2024-06-16T11:21:49.231308376Z,true,2024-06-16T11:21:52.410215434Z,pickCharacterTraits,2024-06-16T11:21:49.231308376Z,01J0GCGCCGY7BDCPXR7260XXNM,2024-06-16T11:21:49.231308376Z,true,2024-06-16T11:21:52.395989342Z,true,2024-06-16T11:21:52.42004822Z,01J0GCGCD9P5055DVARGMMRFFR,2024-06-16T11:21:49.231308376Z
01J0GCGCPFANMXWVNY5DC34YAA,01J0GCAMGH3GEWSNDT77C14KHD,2024-06-16T11:21:49.519353136Z,3000,2024-06-16T11:21:49.519353136Z,true,2024-06-16T11:24:45.883058304Z,01J0GCAMH923Z3R2D5GF01J956,2024-06-16T11:21:49.519353136Z,1,2024-06-16T11:21:49.519353136Z,true,2024-06-16T11:24:26.072014352Z,endSurveyDatingAppUsage,2024-06-16T11:21:49.519353136Z,01J0GCGCD0T85NTARGZVPQME6G,2024-06-16T11:21:49.519353136Z,true,2024-06-16T11:24:26.060972762Z,true,2024-06-16T11:24:26.089921452Z,01J0GCGCP11R2HH02M4H82JBSA,2024-06-16T11:21:49.519353136Z
01J0GCB9XP940WR2CSWJ1W0Y61,01J0GCAMGH3GEWSNDT77C14KHD,2024-06-16T11:19:02.8387089Z,3000,2024-06-16T11:19:02.8387089Z,true,2024-06-16T11:19:58.335299315Z,01J0GCAMHAA9DF5J62DBYAEYSJ,2024-06-16T11:19:02.8387089Z,16,2024-06-16T11:19:02.8387089Z,true,2024-06-16T11:19:56.707202683Z,swipeProfile_17,2024-06-16T11:19:02.8387089Z,01J0GCB9NVYAFJVZWS3E4PZYNT,2024-06-16T11:19:02.8387089Z,true,2024-06-16T11:19:56.690244688Z,true,2024-06-16T11:19:56.728120712Z,01J0GCB9S4Y25FA8N8BRH802TV,2024-06-16T11:19:02.8387089Z
01J0GCB9Y51B03RGT2FDAW8S6R,01J0GCAMGH3GEWSNDT77C14KHD,2024-06-16T11:19:02.853480992Z,3000,2024-06-16T11:19:02.853480992Z,true,2024-06-16T11:21:02.034268155Z,01J0GCAMHAA9DF5J62DBYAEYSJ,2024-06-16T11:19:02.853480992Z,43,2024-06-16T11:19:02.853480992Z,true,2024-06-16T11:21:00.481374727Z,swipeProfile_44,2024-06-16T11:19:02.853480992Z,01J0GCB9NVYAFJVZWS3E4PZYNT,2024-06-16T11:19:02.853480992Z,true,2024-06-16T11:21:00.469074778Z,true,2024-06-16T11:21:00.499422116Z,01J0GCB9W9BH7FFV93KC06TZ11,2024-06-16T11:19:02.853480992Z
01J0GCBA08TWPY7HYMDARGGTK5,01J0GCAMGH3GEWSNDT77C14KHD,2024-06-16T11:19:02.920340932Z,3000,2024-06-16T11:19:02.920340932Z,true,2024-06-16T11:21:33.612483014Z,01J0GCAMHAA9DF5J62DBYAEYSJ,2024-06-16T11:19:02.920340932Z,1,2024-06-16T11:19:02.920340932Z,true,2024-06-16T11:21:25.637541305Z,endSurveyDatingAppUsage,2024-06-16T11:19:02.920340932Z,01J0GCB9NX6NZ6QNGCTHTDP850,2024-06-16T11:19:02.920340932Z,true,2024-06-16T11:21:25.627327237Z,true,2024-06-16T11:21:25.655726851Z,01J0GCBA01B5V1DK4K370J9NVG,2024-06-16T11:19:02.920340932Z
01J0GCB9Y4ZS72Q27NVGQH0VZS,01J0GCAMGH3GEWSNDT77C14KHD,2024-06-16T11:19:02.852167998Z,3000,2024-06-16T11:19:02.852167998Z,true,2024-06-16T11:20:51.058699522Z,01J0GCAMHAA9DF5J62DBYAEYSJ,2024-06-16T11:19:02.852167998Z,38,2024-06-16T11:19:02.852167998Z,true,2024-06-16T11:20:49.434865271Z,swipeProfile_39,2024-06-16T11:19:02.852167998Z,01J0GCB9NVYAFJVZWS3E4PZYNT,2024-06-16T11:19:02.852167998Z,true,2024-06-16T11:20:49.418053607Z,true,2024-06-16T11:20:49.491008246Z,01J0GCB9VRNB4P33DTKQPZXSQ9,2024-06-16T11:19:02.852167998Z
01J0GCGCK24HRF4K4SV1E9F5T1,01J0GCAMGH3GEWSNDT77C14KHD,2024-06-16T11:21:49.410110847Z,3000,2024-06-16T11:21:49.410110847Z,true,2024-06-16T11:22:12.810577887Z,01J0GCAMH923Z3R2D5GF01J956,2024-06-16T11:21:49.410110847Z,0,2024-06-16T11:21:49.410110847Z,true,2024-06-16T11:22:11.220493472Z,swipeProfile_1,2024-06-16T11:21:49.410110847Z,01J0GCGCCKGDQGDQ899CDCQVV5,2024-06-16T11:21:49.410110847Z,true,2024-06-16T11:22:11.208978802Z,true,2024-06-16T11:22:11.243500858Z,01J0GCGCDVCZGBMWPZ6FT8A4R3,2024-06-16T11:21:49.410110847Z
01J0GCGCKAS28NARVHMSDBV9WR,01J0GCAMGH3GEWSNDT77C14KHD,2024-06-16T11:21:49.418207395Z,3000,2024-06-16T11:21:49.418207395Z,true,2024-06-16T11:23:33.711729865Z,01J0GCAMH923Z3R2D5GF01J956,2024-06-16T11:21:49.418207395Z,33,2024-06-16T11:21:49.418207395Z,true,2024-06-16T11:23:32.170146226Z,swipeProfile_34,2024-06-16T11:21:49.418207395Z,01J0GCGCCKGDQGDQ899CDCQVV5,2024-06-16T11:21:49.418207395Z,true,2024-06-16T11:23:32.154974685Z,true,2024-06-16T11:23:32.197326896Z,01J0GCGCHBE62SD2KPQC16JWDW,2024-06-16T11:21:49.418207395Z
01J0GCGCK3RD1MEY5PVY8ZMPPB,01J0GCAMGH3GEWSNDT77C14KHD,2024-06-16T11:21:49.411492765Z,3000,2024-06-16T11:21:49.411492765Z,true,2024-06-16T11:22:27.483984105Z,01J0GCAMH923Z3R2D5GF01J956,2024-06-16T11:21:49.411492765Z,5,2024-06-16T11:21:49.411492765Z,true,2024-06-16T11:22:25.966248035Z,swipeProfile_6,2024-06-16T11:21:49.411492765Z,01J0GCGCCKGDQGDQ899CDCQVV5,2024-06-16T11:21:49.411492765Z,true,2024-06-16T11:22:25.95306067Z,true,2024-06-16T11:22:25.992461015Z,01J0GCGCE9C5VHYKARNNRDVRJE,2024-06-16T11:21:49.411492765Z
01J0GCGCKDSEY2S7VSRCF1HRVC,01J0GCAMGH3GEWSNDT77C14KHD,2024-06-16T11:21:49.421758922Z,3000,2024-06-16T11:21:49.421758922Z,true,2024-06-16T11:23:55.031814579Z,01J0GCAMH923Z3R2D5GF01J956,2024-06-16T11:21:49.421758922Z,43,2024-06-16T11:21:49.421758922Z,true,2024-06-16T11:23:53.198619138Z,swipeProfile_44,2024-06-16T11:21:49.421758922Z,01J0GCGCCKGDQGDQ899CDCQVV5,2024-06-16T11:21:49.421758922Z,true,2024-06-16T11:23:53.173319574Z,true,2024-06-16T11:23:53.224196567Z,01J0GCGCJ666JBJV6S7KZKXE3M,2024-06-16T11:21:49.421758922Z
01J0GCB9XFYPQD92CNWFBEFJ9C,01J0GCAMGH3GEWSNDT77C14KHD,2024-06-16T11:19:02.832598722Z,3000,2024-06-16T11:19:02.832598722Z,true,2024-06-16T11:19:24.336694775Z,01J0GCAMHAA9DF5J62DBYAEYSJ,2024-06-16T11:19:02.832598722Z,1,2024-06-16T11:19:02.832598722Z,true,2024-06-16T11:19:22.791216984Z,swipeProfile_2,2024-06-16T11:19:02.832598722Z,01J0GCB9NVYAFJVZWS3E4PZYNT,2024-06-16T11:19:02.832598722Z,true,2024-06-16T11:19:22.779241639Z,true,2024-06-16T11:19:22.806099007Z,01J0GCB9Q772ZQVCS41JGY454V,2024-06-16T11:19:02.832598722Z
01J0GCB9XND25WSN05R1WDX1JG,01J0GCAMGH3GEWSNDT77C14KHD,2024-06-16T11:19:02.837517409Z,3000,2024-06-16T11:19:02.837517409Z,true,2024-06-16T11:19:46.114538232Z,01J0GCAMHAA9DF5J62DBYAEYSJ,2024-06-16T11:19:02.837517409Z,9,2024-06-16T11:19:02.837517409Z,true,2024-06-16T11:19:41.640532594Z,swipeProfile_10,2024-06-16T11:19:02.837517409Z,01J0GCB9NVYAFJVZWS3E4PZYNT,2024-06-16T11:19:02.837517409Z,true,2024-06-16T11:19:41.626907677Z,true,2024-06-16T11:19:41.663238249Z,01J0GCB9R94HK5CQM2D95AP1YX,2024-06-16T11:19:02.837517409Z
01J0GCB9Y4ZS72Q27NXHMSHGZF,01J0GCAMGH3GEWSNDT77C14KHD,2024-06-16T11:19:02.852950472Z,3000,2024-06-16T11:19:02.852950472Z,true,2024-06-16T11:20:58.926193107Z,01J0GCAMHAA9DF5J62DBYAEYSJ,2024-06-16T11:19:02.852950472Z,41,2024-06-16T11:19:02.852950472Z,true,2024-06-16T11:20:57.271603345Z,swipeProfile_42,2024-06-16T11:19:02.852950472Z,01J0GCB9NVYAFJVZWS3E4PZYNT,2024-06-16T11:19:02.852950472Z,true,2024-06-16T11:20:57.261467266Z,true,2024-06-16T11:20:57.303030038Z,01J0GCB9W290W3JFBHT2V65Y98,2024-06-16T11:19:02.852950472Z
01J0GCB9Y6CH155F5096JFSZPS,01J0GCAMGH3GEWSNDT77C14KHD,2024-06-16T11:19:02.854593712Z,3000,2024-06-16T11:19:02.854593712Z,true,2024-06-16T11:21:15.227138326Z,01J0GCAMHAA9DF5J62DBYAEYSJ,2024-06-16T11:19:02.854593712Z,49,2024-06-16T11:19:02.854593712Z,true,2024-06-16T11:21:10.306848792Z,swipeProfile_50,2024-06-16T11:19:02.854593712Z,01J0GCB9NVYAFJVZWS3E4PZYNT,2024-06-16T11:19:02.854593712Z,true,2024-06-16T11:21:10.293063166Z,true,2024-06-16T11:21:10.329845607Z,01J0GCB9WX0HX17H78EZKQ7YWS,2024-06-16T11:19:02.854593712Z
01J0GCGCKEWFWGQ1NXY80XRADR,01J0GCAMGH3GEWSNDT77C14KHD,2024-06-16T11:21:49.422381189Z,3000,2024-06-16T11:21:49.422381189Z,true,2024-06-16T11:23:58.816624955Z,01J0GCAMH923Z3R2D5GF01J956,2024-06-16T11:21:49.422381189Z,45,2024-06-16T11:21:49.422381189Z,true,2024-06-16T11:23:56.850119854Z,swipeProfile_46,2024-06-16T11:21:49.422381189Z,01J0GCGCCKGDQGDQ899CDCQVV5,2024-06-16T11:21:49.422381189Z,true,2024-06-16T11:23:56.829295956Z,true,2024-06-16T11:23:56.872823075Z,01J0GCGCJEDM20CC463MJSDBS2,2024-06-16T11:21:49.422381189Z
01J0GCB9XKNR2FFQB18VAX20E7,01J0GCAMGH3GEWSNDT77C14KHD,2024-06-16T11:19:02.836590507Z,3000,2024-06-16T11:19:02.836590507Z,true,2024-06-16T11:19:35.045593742Z,01J0GCAMHAA9DF5J62DBYAEYSJ,2024-06-16T11:19:02.836590507Z,4,2024-06-16T11:19:02.836590507Z,true,2024-06-16T11:19:27.947525934Z,swipeProfile_5,2024-06-16T11:19:02.836590507Z,01J0GCB9NVYAFJVZWS3E4PZYNT,2024-06-16T11:19:02.836590507Z,true,2024-06-16T11:19:27.935931112Z,true,2024-06-16T11:19:27.966367341Z,01J0GCB9QKV10H7SD7QVXRXSF5,2024-06-16T11:19:02.836590507Z
01J0GCB9Y319KCPYKCGRHTM0T8,01J0GCAMGH3GEWSNDT77C14KHD,2024-06-16T11:19:02.851069505Z,3000,2024-06-16T11:19:02.851069505Z,true,2024-06-16T11:20:42.66400159Z,01J0GCAMHAA9DF5J62DBYAEYSJ,2024-06-16T11:19:02.851069505Z,33,2024-06-16T11:19:02.851069505Z,true,2024-06-16T11:20:40.910586587Z,swipeProfile_34,2024-06-16T11:19:02.851069505Z,01J0GCB9NVYAFJVZWS3E4PZYNT,2024-06-16T11:19:02.851069505Z,true,2024-06-16T11:20:40.896932635Z,true,2024-06-16T11:20:40.934500997Z,01J0GCB9V52JDATTN5YEQMW70M,2024-06-16T11:19:02.851069505Z
01J0GCB9Y319KCPYKCJ98EX0CK,01J0GCAMGH3GEWSNDT77C14KHD,2024-06-16T11:19:02.851546642Z,3000,2024-06-16T11:19:02.851546642Z,true,2024-06-16T11:20:46.117239873Z,01J0GCAMHAA9DF5J62DBYAEYSJ,2024-06-16T11:19:02.851546642Z,35,2024-06-16T11:19:02.851546642Z,true,2024-06-16T11:20:44.481067641Z,swipeProfile_36,2024-06-16T11:19:02.851546642Z,01J0GCB9NVYAFJVZWS3E4PZYNT,2024-06-16T11:19:02.851546642Z,true,2024-06-16T11:20:44.463133298Z,true,2024-06-16T11:20:44.509407459Z,01J0GCB9VE8BA0S2DFER4SA2N5,2024-06-16T11:19:02.851546642Z
01J0GCGCK24HRF4K4SVGQQFJ3J,01J0GCAMGH3GEWSNDT77C14KHD,2024-06-16T11:21:49.410577926Z,3000,2024-06-16T11:21:49.410577926Z,true,2024-06-16T11:22:14.592146058Z,01J0GCAMH923Z3R2D5GF01J956,2024-06-16T11:21:49.410577926Z,1,2024-06-16T11:21:49.410577926Z,true,2024-06-16T11:22:12.837467516Z,swipeProfile_2,2024-06-16T11:21:49.410577926Z,01J0GCGCCKGDQGDQ899CDCQVV5,2024-06-16T11:21:49.410577926Z,true,2024-06-16T11:22:12.825331393Z,true,2024-06-16T11:22:12.856937361Z,01J0GCGCDYS1CY99ST398ESRC0,2024-06-16T11:21:49.410577926Z
01J0GCB9XHJ6BZMQ45CA2G9RP0,01J0GCAMGH3GEWSNDT77C14KHD,2024-06-16T11:19:02.833154982Z,3000,2024-06-16T11:19:02.833154982Z,true,2024-06-16T11:19:26.068757767Z,01J0GCAMHAA9DF5J62DBYAEYSJ,2024-06-16T11:19:02.833154982Z,2,2024-06-16T11:19:02.833154982Z,true,2024-06-16T11:19:24.358321957Z,swipeProfile_3,2024-06-16T11:19:02.833154982Z,01J0GCB9NVYAFJVZWS3E4PZYNT,2024-06-16T11:19:02.833154982Z,true,2024-06-16T11:19:24.343883286Z,true,2024-06-16T11:19:24.373789126Z,01J0GCB9QAYZ7YDC7Y3DGVJS0Y,2024-06-16T11:19:02.833154982Z
01J0GCB9XSQXMCPP6CSC6X9SRW,01J0GCAMGH3GEWSNDT77C14KHD,2024-06-16T11:19:02.841026997Z,3000,2024-06-16T11:19:02.841026997Z,true,2024-06-16T11:20:39.29692925Z,01J0GCAMHAA9DF5J62DBYAEYSJ,2024-06-16T11:19:02.841026997Z,31,2024-06-16T11:19:02.841026997Z,true,2024-06-16T11:20:32.937693836Z,swipeProfile_32,2024-06-16T11:19:02.841026997Z,01J0GCB9NVYAFJVZWS3E4PZYNT,2024-06-16T11:19:02.841026997Z,true,2024-06-16T11:20:32.920222784Z,true,2024-06-16T11:20:32.967486318Z,01J0GCB9TY1F76G1BNH4BTABPZ,2024-06-16T11:19:02.841026997Z
01J0GCB9Y51B03RGT2GFZTC3TS,01J0GCAMGH3GEWSNDT77C14KHD,2024-06-16T11:19:02.853858177Z,3000,2024-06-16T11:19:02.853858177Z,true,2024-06-16T11:21:05.235727578Z,01J0GCAMHAA9DF5J62DBYAEYSJ,2024-06-16T11:19:02.853858177Z,45,2024-06-16T11:19:02.853858177Z,true,2024-06-16T11:21:03.632046548Z,swipeProfile_46,2024-06-16T11:19:02.853858177Z,01J0GCB9NVYAFJVZWS3E4PZYNT,2024-06-16T11:19:02.853858177Z,true,2024-06-16T11:21:03.615888732Z,true,2024-06-16T11:21:03.65364702Z,01J0GCB9WGNFQJX87QV520BHFB,2024-06-16T11:19:02.853858177Z
01J0GCGCK6DTKV3V10EW5DJVSW,01J0GCAMGH3GEWSNDT77C14KHD,2024-06-16T11:21:49.4143666Z,3000,2024-06-16T11:21:49.4143666Z,true,2024-06-16T11:22:51.860544157Z,01J0GCAMH923Z3R2D5GF01J956,2024-06-16T11:21:49.4143666Z,18,2024-06-16T11:21:49.4143666Z,true,2024-06-16T11:22:50.305562642Z,swipeProfile_19,2024-06-16T11:21:49.4143666Z,01J0GCGCCKGDQGDQ899CDCQVV5,2024-06-16T11:21:49.4143666Z,true,2024-06-16T11:22:50.290928144Z,true,2024-06-16T11:22:50.32762451Z,01J0GCGCFTEEB47D269X67NSQR,2024-06-16T11:21:49.4143666Z
01J0GCB9XP940WR2CSVZ73FPS2,01J0GCAMGH3GEWSNDT77C14KHD,2024-06-16T11:19:02.838552198Z,3000,2024-06-16T11:19:02.838552198Z,true,2024-06-16T11:19:56.680419738Z,01J0GCAMHAA9DF5J62DBYAEYSJ,2024-06-16T11:19:02.838552198Z,15,2024-06-16T11:19:02.838552198Z,true,2024-06-16T11:19:55.09083936Z,swipeProfile_16,2024-06-16T11:19:02.838552198Z,01J0GCB9NVYAFJVZWS3E4PZYNT,2024-06-16T11:19:02.838552198Z,true,2024-06-16T11:19:55.080071979Z,true,2024-06-16T11:19:55.112363976Z,01J0GCB9S152F25SYXM8DQC12T,2024-06-16T11:19:02.838552198Z
01J0GCB9XRKE0SX3G948F2Q6W4,01J0GCAMGH3GEWSNDT77C14KHD,2024-06-16T11:19:02.84065392Z,3000,2024-06-16T11:19:02.84065392Z,true,2024-06-16T11:20:31.254325138Z,01J0GCAMHAA9DF5J62DBYAEYSJ,2024-06-16T11:19:02.84065392Z,29,2024-06-16T11:19:02.84065392Z,true,2024-06-16T11:20:26.285674705Z,swipeProfile_30,2024-06-16T11:19:02.84065392Z,01J0GCB9NVYAFJVZWS3E4PZYNT,2024-06-16T11:19:02.84065392Z,true,2024-06-16T11:20:26.270206895Z,true,2024-06-16T11:20:26.310273331Z,01J0GCB9TNSGV0M8DN3XZZ50ER,2024-06-16T11:19:02.84065392Z
01J0GCGCK3RD1MEY5PX5GYSD7Y,01J0GCAMGH3GEWSNDT77C14KHD,2024-06-16T11:21:49.411921338Z,3000,2024-06-16T11:21:49.411921338Z,true,2024-06-16T11:22:30.94039993Z,01J0GCAMH923Z3R2D5GF01J956,2024-06-16T11:21:49.411921338Z,7,2024-06-16T11:21:49.411921338Z,true,2024-06-16T11:22:29.165794827Z,swipeProfile_8,2024-06-16T11:21:49.411921338Z,01J0GCGCCKGDQGDQ899CDCQVV5,2024-06-16T11:21:49.411921338Z,true,2024-06-16T11:22:29.152223895Z,true,2024-06-16T11:22:29.190297408Z,01J0GCGCEGNW5XZV7ZVS7W7JMZ,2024-06-16T11:21:49.411921338Z
01J0GCB9XSQXMCPP6CSXFQPWME,01J0GCAMGH3GEWSNDT77C14KHD,2024-06-16T11:19:02.850540338Z,3000,2024-06-16T11:19:02.850540338Z,true,2024-06-16T11:20:40.883988567Z,01J0GCAMHAA9DF5J62DBYAEYSJ,2024-06-16T11:19:02.850540338Z,32,2024-06-16T11:19:02.850540338Z,true,2024-06-16T11:20:39.324633656Z,swipeProfile_33,2024-06-16T11:19:02.850540338Z,01J0GCB9NVYAFJVZWS3E4PZYNT,2024-06-16T11:19:02.850540338Z,true,2024-06-16T11:20:39.310533507Z,true,2024-06-16T11:20:39.353721784Z,01J0GCB9V11W3BP0JNZ5NVRN6W,2024-06-16T11:19:02.850540338Z
01J0GCBA08TWPY7HYMCJYVMQGM,01J0GCAMGH3GEWSNDT77C14KHD,2024-06-16T11:19:02.920048099Z,3000,2024-06-16T11:19:02.920048099Z,true,2024-06-16T11:21:25.616951007Z,01J0GCAMHAA9DF5J62DBYAEYSJ,2024-06-16T11:19:02.920048099Z,0,2024-06-16T11:19:02.920048099Z,true,2024-06-16T11:21:15.298389009Z,endSurveyRecommendationSystem,2024-06-16T11:19:02.920048099Z,01J0GCB9NX6NZ6QNGCTHTDP850,2024-06-16T11:19:02.920048099Z,true,2024-06-16T11:21:15.283517876Z,true,2024-06-16T11:21:15.311453278Z,01J0GCB9ZW4WRPBR9ZCMQ97PG0,2024-06-16T11:19:02.920048099Z
01J0GCGCDENQMJ8NMH7HD1VH66,01J0GCAMGH3GEWSNDT77C14KHD,2024-06-16T11:21:49.230918637Z,3000,2024-06-16T11:21:49.230918637Z,true,2024-06-16T11:21:52.382940994Z,01J0GCAMH923Z3R2D5GF01J956,2024-06-16T11:21:49.230918637Z,0,2024-06-16T11:21:49.230918637Z,true,2024-06-16T11:21:50.871991706Z,explanation,2024-06-16T11:21:49.230918637Z,01J0GCGCCGY7BDCPXR7260XXNM,2024-06-16T11:21:49.230918637Z,true,2024-06-16T11:21:50.840266799Z,true,2024-06-16T11:21:50.88292094Z,01J0GCGCD5QJ9EJJT6FGVC98FH,2024-06-16T11:21:49.230918637Z
01J0GCGCKBEA1S3GMZB20JZE7Z,01J0GCAMGH3GEWSNDT77C14KHD,2024-06-16T11:21:49.419693983Z,3000,2024-06-16T11:21:49.419693983Z,true,2024-06-16T11:23:38.664918321Z,01J0GCAMH923Z3R2D5GF01J956,2024-06-16T11:21:49.419693983Z,36,2024-06-16T11:21:49.419693983Z,true,2024-06-16T11:23:37.093424227Z,swipeProfile_37,2024-06-16T11:21:49.419693983Z,01J0GCGCCKGDQGDQ899CDCQVV5,2024-06-16T11:21:49.419693983Z,true,2024-06-16T11:23:37.07648145Z,true,2024-06-16T11:23:37.111100162Z,01J0GCGCHNEMXZ7W4KXXVTQPX6,2024-06-16T11:21:49.419693983Z
01J0GCB9Y51B03RGT2H7Y8MA2H,01J0GCAMGH3GEWSNDT77C14KHD,2024-06-16T11:19:02.854008155Z,3000,2024-06-16T11:19:02.854008155Z,true,2024-06-16T11:21:06.866996381Z,01J0GCAMHAA9DF5J62DBYAEYSJ,2024-06-16T11:19:02.854008155Z,46,2024-06-16T11:19:02.854008155Z,true,2024-06-16T11:21:05.261420888Z,swipeProfile_47,2024-06-16T11:19:02.854008155Z,01J0GCB9NVYAFJVZWS3E4PZYNT,2024-06-16T11:19:02.854008155Z,true,2024-06-16T11:21:05.248066202Z,true,2024-06-16T11:21:05.278923802Z,01J0GCB9WKRMCJHVV2VGCH2SEC,2024-06-16T11:19:02.854008155Z
01J0GCGCK6DTKV3V10FBGW40EN,01J0GCAMGH3GEWSNDT77C14KHD,2024-06-16T11:21:49.414735559Z,3000,2024-06-16T11:21:49.414735559Z,true,2024-06-16T11:22:56.897984523Z,01J0GCAMH923Z3R2D5GF01J956,2024-06-16T11:21:49.414735559Z,19,2024-06-16T11:21:49.414735559Z,true,2024-06-16T11:22:51.902816274Z,swipeProfile_20,2024-06-16T11:21:49.414735559Z,01J0GCGCCKGDQGDQ899CDCQVV5,2024-06-16T11:21:49.414735559Z,true,2024-06-16T11:22:51.878119589Z,true,2024-06-16T11:22:51.921785486Z,01J0GCGCFYT7VGRR5KP6Z08KQR,2024-06-16T11:21:49.414735559Z
01J0GCGCK7J8GQDSR51R9SCXDC,01J0GCAMGH3GEWSNDT77C14KHD,2024-06-16T11:21:49.415920437Z,3000,2024-06-16T11:21:49.415920437Z,true,2024-06-16T11:23:05.11339108Z,01J0GCAMH923Z3R2D5GF01J956,2024-06-16T11:21:49.415920437Z,24,2024-06-16T11:21:49.415920437Z,true,2024-06-16T11:23:03.389950739Z,swipeProfile_25,2024-06-16T11:21:49.415920437Z,01J0GCGCCKGDQGDQ899CDCQVV5,2024-06-16T11:21:49.415920437Z,true,2024-06-16T11:23:03.372946675Z,true,2024-06-16T11:23:03.412448525Z,01J0GCGCGEPRYMQ8J8B0HQ5P8V,2024-06-16T11:21:49.415920437Z
01J0GCB9XND25WSN05SEDZ9ECP,01J0GCAMGH3GEWSNDT77C14KHD,2024-06-16T11:19:02.837826814Z,3000,2024-06-16T11:19:02.837826814Z,true,2024-06-16T11:19:50.013437423Z,01J0GCAMHAA9DF5J62DBYAEYSJ,2024-06-16T11:19:02.837826814Z,11,2024-06-16T11:19:02.837826814Z,true,2024-06-16T11:19:47.991217355Z,swipeProfile_12,2024-06-16T11:19:02.837826814Z,01J0GCB9NVYAFJVZWS3E4PZYNT,2024-06-16T11:19:02.837826814Z,true,2024-06-16T11:19:47.982141345Z,true,2024-06-16T11:19:48.018132836Z,01J0GCB9RGS81A9CSTZJDPZF7J,2024-06-16T11:19:02.837826814Z
01J0GCGCK5DVSYHZHT0YKK5PJM,01J0GCAMGH3GEWSNDT77C14KHD,2024-06-16T11:21:49.413291994Z,3000,2024-06-16T11:21:49.413291994Z,true,2024-06-16T11:22:44.085656972Z,01J0GCAMH923Z3R2D5GF01J956,2024-06-16T11:21:49.413291994Z,13,2024-06-16T11:21:49.413291994Z,true,2024-06-16T11:22:42.555972731Z,swipeProfile_14,2024-06-16T11:21:49.413291994Z,01J0GCGCCKGDQGDQ899CDCQVV5,2024-06-16T11:21:49.413291994Z,true,2024-06-16T11:22:42.540112366Z,true,2024-06-16T11:22:42.589092019Z,01J0GCGCF7PA2K4K5C9X4T4HPH,2024-06-16T11:21:49.413291994Z
01J0GCGCK4TS2ZMT0WZAB19B8C,01J0GCAMGH3GEWSNDT77C14KHD,2024-06-16T11:21:49.41276994Z,3000,2024-06-16T11:21:49.41276994Z,true,2024-06-16T11:22:40.858755126Z,01J0GCAMH923Z3R2D5GF01J956,2024-06-16T11:21:49.41276994Z,11,2024-06-16T11:21:49.41276994Z,true,2024-06-16T11:22:39.115061694Z,swipeProfile_12,2024-06-16T11:21:49.41276994Z,01J0GCGCCKGDQGDQ899CDCQVV5,2024-06-16T11:21:49.41276994Z,true,2024-06-16T11:22:39.092342833Z,true,2024-06-16T11:22:39.13504216Z,01J0GCGCF2B4DWK4WQCHTQBM25,2024-06-16T11:21:49.41276994Z
01J0GCGCK7J8GQDSR502QQNMWD,01J0GCAMGH3GEWSNDT77C14KHD,2024-06-16T11:21:49.415222615Z,3000,2024-06-16T11:21:49.415222615Z,true,2024-06-16T11:23:00.093577894Z,01J0GCAMH923Z3R2D5GF01J956,2024-06-16T11:21:49.415222615Z,21,2024-06-16T11:21:49.415222615Z,true,2024-06-16T11:22:58.52625168Z,swipeProfile_22,2024-06-16T11:21:49.415222615Z,01J0GCGCCKGDQGDQ899CDCQVV5,2024-06-16T11:21:49.415222615Z,true,2024-06-16T11:22:58.512425667Z,true,2024-06-16T11:22:58.543064256Z,01J0GCGCG6NWDZ44TA6V2N9F13,2024-06-16T11:21:49.415222615Z
01J0GCGCKAS28NARVHN9KDP8ED,01J0GCAMGH3GEWSNDT77C14KHD,2024-06-16T11:21:49.418411136Z,3000,2024-06-16T11:21:49.418411136Z,true,2024-06-16T11:23:35.426877395Z,01J0GCAMH923Z3R2D5GF01J956,2024-06-16T11:21:49.418411136Z,34,2024-06-16T11:21:49.418411136Z,true,2024-06-16T11:23:33.738411416Z,swipeProfile_35,2024-06-16T11:21:49.418411136Z,01J0GCGCCKGDQGDQ899CDCQVV5,2024-06-16T11:21:49.418411136Z,true,2024-06-16T11:23:33.722832072Z,true,2024-06-16T11:23:33.752399442Z,01J0GCGCHE7GGB4VY83P3K7824,2024-06-16T11:21:49.418411136Z
