id,config,configLastChangedAt,endedReason,endedReasonLastChangedAt,initialized,initializedLastChangedAt,lobbyConfig,lobbyConfigLastChangedAt,status,statusLastChangedAt
01HX45EH5ZPXXCE31NY9NVJJHE,"{""kind"":""complete"",""config"":{""treatments"":[{""treatment"":{""name"":""Two Players"",""desc"":""Two-player Game"",""factors"":{""numSwipes"":5,""playerCount"":2}},""count"":1}]}}",2024-05-05T11:40:29.8878+01:00,all games finished,2024-05-05T11:41:14.017948+01:00,true,2024-05-05T11:40:29.902608+01:00,"{""name"":""Default shared fail"",""kind"":""shared"",""duration"":300000000000,""strategy"":""fail""}",2024-05-05T11:40:29.8878+01:00,ended,2024-05-05T11:41:14.017948+01:00
01HX4FKX8PM5XQP1YSPMB2A52H,"{""kind"":""complete"",""config"":{""treatments"":[{""treatment"":{""name"":""Two Players"",""desc"":""Two-player Game"",""factors"":{""numSwipes"":5,""playerCount"":2}},""count"":1}]}}",2024-05-05T14:38:11.862729+01:00,,,true,2024-05-05T14:38:11.877556+01:00,"{""name"":""Default shared fail"",""kind"":""shared"",""duration"":300000000000,""strategy"":""fail""}",2024-05-05T14:38:11.862729+01:00,terminated,2024-05-05T14:40:42.772807+01:00
01HX1VQEAMSM5S35NVWA3W4FJZ,"{""kind"":""complete"",""config"":{""treatments"":[{""treatment"":{""name"":""Solo"",""desc"":""Single-player Game"",""factors"":{""playerCount"":1}},""count"":1}]}}",2024-05-04T14:12:07.252572+01:00,,,true,2024-05-04T14:12:07.26963+01:00,"{""name"":""Default shared fail"",""kind"":""shared"",""duration"":300000000000,""strategy"":""fail""}",2024-05-04T14:12:07.252572+01:00,terminated,2024-05-04T14:13:24.660452+01:00
01HX28F0HA2RR3NCRQNSC8VZV4,"{""kind"":""complete"",""config"":{""treatments"":[{""treatment"":{""name"":""Random"",""desc"":""Random Recommendations"",""factors"":{""numSwipes"":10,""playerCount"":1}},""count"":1}]}}",2024-05-04T17:54:42.474995+01:00,,,true,2024-05-04T17:54:42.486905+01:00,"{""name"":""Default shared fail"",""kind"":""shared"",""duration"":300000000000,""strategy"":""fail""}",2024-05-04T17:54:42.474995+01:00,terminated,2024-05-04T18:04:16.654737+01:00
01HX29BQ9G4CVD66KP7TA1MNY9,"{""kind"":""complete"",""config"":{""treatments"":[{""treatment"":{""name"":""Random"",""desc"":""Random Recommendations"",""factors"":{""numSwipes"":10,""playerCount"":1}},""count"":1}]}}",2024-05-04T18:10:23.280263+01:00,,,true,2024-05-04T18:10:23.291711+01:00,"{""name"":""Default individual"",""kind"":""individual"",""duration"":300000000000}",2024-05-04T18:10:23.280263+01:00,terminated,2024-05-04T18:18:05.940196+01:00
01HX2AGH3A5HMME7XP3QHYYM3V,"{""kind"":""complete"",""config"":{""treatments"":[{""treatment"":{""name"":""Random"",""desc"":""Random Recommendations"",""factors"":{""numSwipes"":10,""playerCount"":1}},""count"":1}]}}",2024-05-04T18:30:29.355018+01:00,all games finished,2024-05-04T18:30:51.265129+01:00,true,2024-05-04T18:30:29.365731+01:00,"{""name"":""Default individual"",""kind"":""individual"",""duration"":300000000000}",2024-05-04T18:30:29.355018+01:00,ended,2024-05-04T18:30:51.265129+01:00
01HX44WX8RR73JN18XRYGYGKZ6,"{""kind"":""complete"",""config"":{""treatments"":[{""treatment"":{""name"":""Two Players"",""desc"":""Two-player Game"",""factors"":{""numSwipes"":5,""playerCount"":2}},""count"":1}]}}",2024-05-05T11:30:52.440119+01:00,all games finished,2024-05-05T11:31:48.121949+01:00,true,2024-05-05T11:30:52.456057+01:00,"{""name"":""Default shared fail"",""kind"":""shared"",""duration"":300000000000,""strategy"":""fail""}",2024-05-05T11:30:52.440119+01:00,ended,2024-05-05T11:31:48.121949+01:00
01HX4G1V1YYYM47WA3APANBFBT,"{""kind"":""complete"",""config"":{""treatments"":[{""treatment"":{""name"":""Two Players"",""desc"":""Two-player Game"",""factors"":{""numSwipes"":5,""playerCount"":2}},""count"":1}]}}",2024-05-05T14:45:48.350348+01:00,all games finished,2024-05-05T14:47:21.400756+01:00,true,2024-05-05T14:45:48.362087+01:00,"{""name"":""Default shared fail"",""kind"":""shared"",""duration"":300000000000,""strategy"":""fail""}",2024-05-05T14:45:48.350348+01:00,ended,2024-05-05T14:47:21.400756+01:00
01HX20WRJPDB9CVA7PDBJKT03Z,"{""kind"":""complete"",""config"":{""treatments"":[{""treatment"":{""name"":""Solo"",""desc"":""Single-player Game"",""factors"":{""playerCount"":1}},""count"":1}]}}",2024-05-04T15:42:24.47051+01:00,,,true,2024-05-04T15:42:24.48784+01:00,"{""name"":""Default shared fail"",""kind"":""shared"",""duration"":300000000000,""strategy"":""fail""}",2024-05-04T15:42:24.47051+01:00,terminated,2024-05-04T15:43:35.661385+01:00
01HX286R8ZDT3RTATG100BT2TG,"{""kind"":""complete"",""config"":{""treatments"":[{""treatment"":{""name"":""Random"",""desc"":""Random Recommendations"",""factors"":{""numSwipes"":10,""playerCount"":1}},""count"":1}]}}",2024-05-04T17:50:11.871495+01:00,,,true,2024-05-04T17:50:11.879845+01:00,"{""name"":""Default shared fail"",""kind"":""shared"",""duration"":300000000000,""strategy"":""fail""}",2024-05-04T17:50:11.871495+01:00,terminated,2024-05-04T17:54:40.493899+01:00
01HX44N7QA09AAPSM86CP03CH4,"{""kind"":""complete"",""config"":{""treatments"":[{""treatment"":{""name"":""Two Players"",""desc"":""Two-player Game"",""factors"":{""numSwipes"":5,""playerCount"":2}},""count"":1}]}}",2024-05-05T11:26:41.002749+01:00,all games finished,2024-05-05T11:28:27.112063+01:00,true,2024-05-05T11:26:41.01876+01:00,"{""name"":""Default shared fail"",""kind"":""shared"",""duration"":300000000000,""strategy"":""fail""}",2024-05-05T11:26:41.002749+01:00,ended,2024-05-05T11:28:27.112063+01:00
01HX4DV59VK2YR0QV9CX3TKJ4T,"{""kind"":""complete"",""config"":{""treatments"":[{""treatment"":{""name"":""Two Players"",""desc"":""Two-player Game"",""factors"":{""numSwipes"":5,""playerCount"":2}},""count"":1}]}}",2024-05-05T14:07:12.316269+01:00,all games finished,2024-05-05T14:07:58.481211+01:00,true,2024-05-05T14:07:12.332297+01:00,"{""name"":""Default shared fail"",""kind"":""shared"",""duration"":300000000000,""strategy"":""fail""}",2024-05-05T14:07:12.316269+01:00,ended,2024-05-05T14:07:58.481211+01:00
01HX1Q0MEEFAWAKXQS5NE295E6,"{""kind"":""simple"",""config"":{""treatments"":[{""name"":""Solo"",""desc"":""Single-player Game"",""factors"":{""playerCount"":1}}],""count"":1}}",2024-05-04T12:49:45.550395+01:00,,,true,2024-05-04T12:49:45.56408+01:00,"{""name"":""Default shared fail"",""kind"":""shared"",""duration"":300000000000,""strategy"":""fail""}",2024-05-04T12:49:45.550395+01:00,terminated,2024-05-04T12:50:08.618959+01:00
01HX20Z4AHBPZ5SMS5657NJWWY,"{""kind"":""complete"",""config"":{""treatments"":[{""treatment"":{""name"":""Solo"",""desc"":""Single-player Game"",""factors"":{""playerCount"":1}},""count"":1}]}}",2024-05-04T15:43:42.033153+01:00,,,true,2024-05-04T15:43:42.045073+01:00,"{""name"":""Default shared fail"",""kind"":""shared"",""duration"":300000000000,""strategy"":""fail""}",2024-05-04T15:43:42.033153+01:00,terminated,2024-05-04T15:44:44.68993+01:00
01HX29WQ293W3YCDC3R7SKDFRJ,"{""kind"":""complete"",""config"":{""treatments"":[{""treatment"":{""name"":""Random"",""desc"":""Random Recommendations"",""factors"":{""numSwipes"":10,""playerCount"":1}},""count"":1}]}}",2024-05-04T18:19:40.105317+01:00,,,true,2024-05-04T18:19:40.117383+01:00,"{""name"":""Default individual"",""kind"":""individual"",""duration"":300000000000}",2024-05-04T18:19:40.105317+01:00,terminated,2024-05-04T18:20:29.5969+01:00
01HX2A4N6ZEX7NFA2FK7PXEF3R,"{""kind"":""complete"",""config"":{""treatments"":[{""treatment"":{""name"":""Random"",""desc"":""Random Recommendations"",""factors"":{""numSwipes"":10,""playerCount"":1}},""count"":1}]}}",2024-05-04T18:24:00.351553+01:00,all games finished,2024-05-04T18:24:21.958735+01:00,true,2024-05-04T18:24:00.361617+01:00,"{""name"":""Default individual"",""kind"":""individual"",""duration"":300000000000}",2024-05-04T18:24:00.351553+01:00,ended,2024-05-04T18:24:21.958735+01:00
01HX2A9BRYE3Z172EEWYRPWF5E,"{""kind"":""complete"",""config"":{""treatments"":[{""treatment"":{""name"":""Random"",""desc"":""Random Recommendations"",""factors"":{""numSwipes"":10,""playerCount"":1}},""count"":1}]}}",2024-05-04T18:26:34.526521+01:00,all games finished,2024-05-04T18:27:04.697125+01:00,true,2024-05-04T18:26:34.539044+01:00,"{""name"":""Default individual"",""kind"":""individual"",""duration"":300000000000}",2024-05-04T18:26:34.526521+01:00,ended,2024-05-04T18:27:04.697125+01:00
01HX42RYJBMDJF8TCTFP4ZG762,"{""kind"":""complete"",""config"":{""treatments"":[{""treatment"":{""name"":""Random"",""desc"":""Random Recommendations"",""factors"":{""numSwipes"":10,""playerCount"":1}},""count"":1}]}}",2024-05-05T10:53:45.548229+01:00,all games finished,2024-05-05T10:54:06.383188+01:00,true,2024-05-05T10:53:45.565701+01:00,"{""name"":""Default individual"",""kind"":""individual"",""duration"":300000000000}",2024-05-05T10:53:45.548229+01:00,ended,2024-05-05T10:54:06.383188+01:00
01HX43XTS8VQ5W0QAQ9YDSNR7V,"{""kind"":""complete"",""config"":{""treatments"":[{""treatment"":{""name"":""Two Players"",""desc"":""Two-player Game"",""factors"":{""playerCount"":2}},""count"":1}]}}",2024-05-05T11:13:54.088437+01:00,,,true,2024-05-05T11:13:54.099917+01:00,"{""name"":""Default shared fail"",""kind"":""shared"",""duration"":300000000000,""strategy"":""fail""}",2024-05-05T11:13:54.088437+01:00,terminated,2024-05-05T11:16:48.753878+01:00
01HX1Q8YQBXADXPAGGWTYSJTAV,"{""kind"":""complete"",""config"":{""treatments"":[{""treatment"":{""name"":""Solo"",""desc"":""Single-player Game"",""factors"":{""playerCount"":1}},""count"":1}]}}",2024-05-04T12:54:18.219601+01:00,,,true,2024-05-04T12:54:18.23155+01:00,"{""name"":""Default shared fail"",""kind"":""shared"",""duration"":300000000000,""strategy"":""fail""}",2024-05-04T12:54:18.219601+01:00,terminated,2024-05-04T13:22:03.233251+01:00
01HX1T45TVHE4MAEXX694T64SM,"{""kind"":""complete"",""config"":{""treatments"":[{""treatment"":{""name"":""Solo"",""desc"":""Single-player Game"",""factors"":{""playerCount"":1}},""count"":1}]}}",2024-05-04T13:44:07.387676+01:00,,,true,2024-05-04T13:44:07.405524+01:00,"{""name"":""Default shared fail"",""kind"":""shared"",""duration"":300000000000,""strategy"":""fail""}",2024-05-04T13:44:07.387676+01:00,terminated,2024-05-04T14:10:30.97775+01:00
01HX1VMYT1HHARJX1D3S7G3BFS,"{""kind"":""complete"",""config"":{""treatments"":[{""treatment"":{""name"":""Solo"",""desc"":""Single-player Game"",""factors"":{""playerCount"":1}},""count"":1}]}}",2024-05-04T14:10:45.825231+01:00,,,true,2024-05-04T14:10:45.839631+01:00,"{""name"":""Default shared fail"",""kind"":""shared"",""duration"":300000000000,""strategy"":""fail""}",2024-05-04T14:10:45.825231+01:00,terminated,2024-05-04T14:11:35.427062+01:00
01HX283DKNRSYA110XWPR4QRBE,"{""kind"":""complete"",""config"":{""treatments"":[{""treatment"":{""name"":""Random"",""desc"":""Random Recommendations"",""factors"":{""numSwipes"":10,""playerCount"":1}},""count"":1}]}}",2024-05-04T17:48:22.645849+01:00,,,true,2024-05-04T17:48:22.657546+01:00,"{""name"":""Default shared fail"",""kind"":""shared"",""duration"":300000000000,""strategy"":""fail""}",2024-05-04T17:48:22.645849+01:00,terminated,2024-05-04T17:50:10.628941+01:00
01HX45AC0QQVMS1PCXN2225449,"{""kind"":""complete"",""config"":{""treatments"":[{""treatment"":{""name"":""Two Players"",""desc"":""Two-player Game"",""factors"":{""numSwipes"":5,""playerCount"":2}},""count"":1}]}}",2024-05-05T11:38:13.527786+01:00,all games finished,2024-05-05T11:39:15.988881+01:00,true,2024-05-05T11:38:13.544293+01:00,"{""name"":""Default shared fail"",""kind"":""shared"",""duration"":300000000000,""strategy"":""fail""}",2024-05-05T11:38:13.527786+01:00,ended,2024-05-05T11:39:15.988881+01:00
01HX46R6J0CPVE2XPVDHGKQFXT,"{""kind"":""complete"",""config"":{""treatments"":[{""treatment"":{""name"":""Two Players"",""desc"":""Two-player Game"",""factors"":{""numSwipes"":5,""playerCount"":2}},""count"":1}]}}",2024-05-05T12:03:15.264772+01:00,all games finished,2024-05-05T12:04:08.082847+01:00,true,2024-05-05T12:03:15.278897+01:00,"{""name"":""Default shared fail"",""kind"":""shared"",""duration"":300000000000,""strategy"":""fail""}",2024-05-05T12:03:15.264772+01:00,ended,2024-05-05T12:04:08.082847+01:00
01HX4FE5BZZMH0029NC0S26RF6,"{""kind"":""complete"",""config"":{""treatments"":[{""treatment"":{""name"":""Two Players"",""desc"":""Two-player Game"",""factors"":{""numSwipes"":5,""playerCount"":2}},""count"":1}]}}",2024-05-05T14:35:03.551959+01:00,,,true,2024-05-05T14:35:03.564495+01:00,"{""name"":""Default shared fail"",""kind"":""shared"",""duration"":300000000000,""strategy"":""fail""}",2024-05-05T14:35:03.551959+01:00,terminated,2024-05-05T14:38:08.932652+01:00
01HX1Q2CBN1R8SBKSSEZQY0QY8,"{""kind"":""complete"",""config"":{""treatments"":[{""treatment"":{""name"":""Solo"",""desc"":""Single-player Game"",""factors"":{""playerCount"":1}},""count"":1}]}}",2024-05-04T12:50:42.805372+01:00,,,true,2024-05-04T12:50:42.816916+01:00,"{""name"":""Default shared fail"",""kind"":""shared"",""duration"":300000000000,""strategy"":""fail""}",2024-05-04T12:50:42.805372+01:00,terminated,2024-05-04T12:51:20.610874+01:00
01HX1PZ8F9RF8BEP9STFPA2AZ8,"{""kind"":""simple"",""config"":{""treatments"":[{""name"":""Solo"",""desc"":""Single-player Game"",""factors"":{""playerCount"":1}}],""count"":1}}",2024-05-04T12:49:00.52128+01:00,,,true,2024-05-04T12:49:00.537097+01:00,"{""name"":""Default shared fail"",""kind"":""shared"",""duration"":300000000000,""strategy"":""fail""}",2024-05-04T12:49:00.52128+01:00,terminated,2024-05-04T12:49:41.691726+01:00
01HX1ZZX7WGMXFX6TAF91CRE86,"{""kind"":""complete"",""config"":{""treatments"":[{""treatment"":{""name"":""Solo"",""desc"":""Single-player Game"",""factors"":{""playerCount"":1}},""count"":1}]}}",2024-05-04T15:26:38.9721+01:00,all games finished,2024-05-04T15:27:33.202488+01:00,true,2024-05-04T15:26:38.987957+01:00,"{""name"":""Default shared fail"",""kind"":""shared"",""duration"":300000000000,""strategy"":""fail""}",2024-05-04T15:26:38.9721+01:00,ended,2024-05-04T15:27:33.202488+01:00
01HX27855ANY0K6Q2FPHCRSWBN,"{""kind"":""simple"",""config"":{""treatments"":[{""name"":""Random"",""desc"":""Random Recommendations"",""factors"":{""numSwipes"":10,""playerCount"":1}}],""count"":1}}",2024-05-04T17:33:29.258628+01:00,,,true,2024-05-04T17:33:29.269164+01:00,"{""name"":""Default shared fail"",""kind"":""shared"",""duration"":300000000000,""strategy"":""fail""}",2024-05-04T17:33:29.258628+01:00,terminated,2024-05-04T17:34:29.441945+01:00
01HX29SXAA6W4HHB6A7M20Z3VB,"{""kind"":""complete"",""config"":{""treatments"":[{""treatment"":{""name"":""Random"",""desc"":""Random Recommendations"",""factors"":{""numSwipes"":10,""playerCount"":1}},""count"":1}]}}",2024-05-04T18:18:08.202784+01:00,all games finished,2024-05-04T18:18:42.100257+01:00,true,2024-05-04T18:18:08.222873+01:00,"{""name"":""Default individual"",""kind"":""individual"",""duration"":300000000000}",2024-05-04T18:18:08.202784+01:00,ended,2024-05-04T18:18:42.100257+01:00
01HX446MKVJGJWX5QSBG0KCCBW,"{""kind"":""complete"",""config"":{""treatments"":[{""treatment"":{""name"":""Two Players"",""desc"":""Two-player Game"",""factors"":{""numSwipes"":10,""playerCount"":2}},""count"":1}]}}",2024-05-05T11:18:42.683254+01:00,all games finished,2024-05-05T11:19:50.558026+01:00,true,2024-05-05T11:18:42.699373+01:00,"{""name"":""Default shared fail"",""kind"":""shared"",""duration"":300000000000,""strategy"":""fail""}",2024-05-05T11:18:42.683254+01:00,ended,2024-05-05T11:19:50.558026+01:00
01HX4F93ZRDXSQATHZ41EQGHAJ,"{""kind"":""complete"",""config"":{""treatments"":[{""treatment"":{""name"":""Two Players"",""desc"":""Two-player Game"",""factors"":{""numSwipes"":5,""playerCount"":2}},""count"":1}]}}",2024-05-05T14:32:18.29665+01:00,,,true,2024-05-05T14:32:18.311455+01:00,"{""name"":""Default shared fail"",""kind"":""shared"",""duration"":300000000000,""strategy"":""fail""}",2024-05-05T14:32:18.29665+01:00,terminated,2024-05-05T14:32:52.387545+01:00
01HX4FZY1X90CAB3Q3VVAGGWMZ,"{""kind"":""complete"",""config"":{""treatments"":[{""treatment"":{""name"":""Two Players"",""desc"":""Two-player Game"",""factors"":{""numSwipes"":5,""playerCount"":2}},""count"":1}]}}",2024-05-05T14:44:45.885388+01:00,all games finished,2024-05-05T14:45:32.036399+01:00,true,2024-05-05T14:44:45.902032+01:00,"{""name"":""Default shared fail"",""kind"":""shared"",""duration"":300000000000,""strategy"":""fail""}",2024-05-05T14:44:45.885388+01:00,ended,2024-05-05T14:45:32.036399+01:00
01HX1HCQHP27QE0H7HDPTAJDEG,"{""kind"":""simple"",""config"":{""treatments"":[{""name"":""Solo"",""desc"":""Single-player Game"",""factors"":{""playerCount"":1}}],""count"":1}}",2024-05-04T11:11:30.486369+01:00,all games finished,2024-05-04T12:39:32.485957+01:00,true,2024-05-04T11:11:30.506315+01:00,"{""name"":""Default shared fail"",""kind"":""shared"",""duration"":300000000000,""strategy"":""fail""}",2024-05-04T11:11:30.486369+01:00,ended,2024-05-04T12:39:32.485957+01:00
01HX2A3XGH7D1YESX3PJ212J9R,"{""kind"":""complete"",""config"":{""treatments"":[{""treatment"":{""name"":""Random"",""desc"":""Random Recommendations"",""factors"":{""numSwipes"":10,""playerCount"":1}},""count"":1}]}}",2024-05-04T18:23:36.081293+01:00,all games finished,2024-05-04T18:23:50.804098+01:00,true,2024-05-04T18:23:36.093725+01:00,"{""name"":""Default individual"",""kind"":""individual"",""duration"":300000000000}",2024-05-04T18:23:36.081293+01:00,ended,2024-05-04T18:23:50.804098+01:00
01HX4FXA1Y49S2DQY3CC3RQRXJ,"{""kind"":""complete"",""config"":{""treatments"":[{""treatment"":{""name"":""Two Players"",""desc"":""Two-player Game"",""factors"":{""numSwipes"":5,""playerCount"":2}},""count"":1}]}}",2024-05-05T14:43:19.870348+01:00,,,true,2024-05-05T14:43:19.885527+01:00,"{""name"":""Default shared fail"",""kind"":""shared"",""duration"":300000000000,""strategy"":""fail""}",2024-05-05T14:43:19.870348+01:00,terminated,2024-05-05T14:43:41.112979+01:00
01HX29477XQAZP12PXJFPPRCVW,"{""kind"":""complete"",""config"":{""treatments"":[{""treatment"":{""name"":""Random"",""desc"":""Random Recommendations"",""factors"":{""numSwipes"":10,""playerCount"":1}},""count"":1}]}}",2024-05-04T18:06:17.469313+01:00,,,true,2024-05-04T18:06:17.484901+01:00,"{""name"":""Default shared fail"",""kind"":""shared"",""duration"":300000000000,""strategy"":""fail""}",2024-05-04T18:06:17.469313+01:00,terminated,2024-05-04T18:06:53.423652+01:00
01HX2692S4MMJVGTW921YW1RGF,"{""kind"":""simple"",""config"":{""treatments"":[{""name"":""Random"",""desc"":""Random Recommendations"",""factors"":{""numSwipes"":10,""playerCount"":1}}],""count"":1}}",2024-05-04T17:16:31.012619+01:00,,,true,2024-05-04T17:16:31.025147+01:00,"{""name"":""Default shared fail"",""kind"":""shared"",""duration"":300000000000,""strategy"":""fail""}",2024-05-04T17:16:31.012619+01:00,terminated,2024-05-04T17:33:20.452206+01:00
01HX280MPQ05MQHFPTS3NSEZGE,"{""kind"":""simple"",""config"":{""treatments"":[{""name"":""Random"",""desc"":""Random Recommendations"",""factors"":{""numSwipes"":10,""playerCount"":1}}],""count"":1}}",2024-05-04T17:46:51.607424+01:00,,,true,2024-05-04T17:46:51.618545+01:00,"{""name"":""Default shared fail"",""kind"":""shared"",""duration"":300000000000,""strategy"":""fail""}",2024-05-04T17:46:51.607424+01:00,terminated,2024-05-04T17:48:05.367373+01:00
01HX29YC2ENG1YFCNRG4TQSS0E,"{""kind"":""complete"",""config"":{""treatments"":[{""treatment"":{""name"":""Random"",""desc"":""Random Recommendations"",""factors"":{""numSwipes"":10,""playerCount"":1}},""count"":1}]}}",2024-05-04T18:20:34.382574+01:00,all games finished,2024-05-04T18:23:17.490795+01:00,true,2024-05-04T18:20:34.393611+01:00,"{""name"":""Default individual"",""kind"":""individual"",""duration"":300000000000}",2024-05-04T18:20:34.382574+01:00,ended,2024-05-04T18:23:17.490795+01:00
01HX2ABNY00PM2A66X5P37ZSSN,"{""kind"":""complete"",""config"":{""treatments"":[{""treatment"":{""name"":""Random"",""desc"":""Random Recommendations"",""factors"":{""numSwipes"":10,""playerCount"":1}},""count"":1}]}}",2024-05-04T18:27:50.464662+01:00,,,true,2024-05-04T18:27:50.474563+01:00,"{""name"":""Default individual"",""kind"":""individual"",""duration"":300000000000}",2024-05-04T18:27:50.464662+01:00,terminated,2024-05-04T18:28:57.170372+01:00
01HX2ADR8G5DJCVTYF60SYMYZ9,"{""kind"":""complete"",""config"":{""treatments"":[{""treatment"":{""name"":""Random"",""desc"":""Random Recommendations"",""factors"":{""numSwipes"":10,""playerCount"":1}},""count"":1}]}}",2024-05-04T18:28:58.38498+01:00,,,true,2024-05-04T18:28:58.397626+01:00,"{""name"":""Default individual"",""kind"":""individual"",""duration"":300000000000}",2024-05-04T18:28:58.38498+01:00,terminated,2024-05-04T18:30:26.546717+01:00
01HX4448HAVQKM8QH9PW1CY9QD,"{""kind"":""complete"",""config"":{""treatments"":[{""treatment"":{""name"":""Two Players"",""desc"":""Two-player Game"",""factors"":{""playerCount"":2}},""count"":1}]}}",2024-05-05T11:17:24.778651+01:00,,,true,2024-05-05T11:17:24.78861+01:00,"{""name"":""Default shared fail"",""kind"":""shared"",""duration"":300000000000,""strategy"":""fail""}",2024-05-05T11:17:24.778651+01:00,terminated,2024-05-05T11:18:03.367376+01:00
01HX4CJZN95KJTA31S4J4HZ0PE,"{""kind"":""complete"",""config"":{""treatments"":[{""treatment"":{""name"":""Two Players"",""desc"":""Two-player Game"",""factors"":{""numSwipes"":5,""playerCount"":2}},""count"":1}]}}",2024-05-05T13:45:15.817528+01:00,all games finished,2024-05-05T13:46:04.197633+01:00,true,2024-05-05T13:45:15.830367+01:00,"{""name"":""Default shared fail"",""kind"":""shared"",""duration"":300000000000,""strategy"":""fail""}",2024-05-05T13:45:15.817528+01:00,ended,2024-05-05T13:46:04.197633+01:00
01HX2125CYZ2WED9VM585D2X0B,"{""kind"":""complete"",""config"":{""treatments"":[{""treatment"":{""name"":""Solo"",""desc"":""Single-player Game"",""factors"":{""playerCount"":1}},""count"":1}]}}",2024-05-04T15:45:21.438377+01:00,,,true,2024-05-04T15:45:21.454723+01:00,"{""name"":""Default shared fail"",""kind"":""shared"",""duration"":300000000000,""strategy"":""fail""}",2024-05-04T15:45:21.438377+01:00,terminated,2024-05-04T17:16:08.628985+01:00
01HX4FBKRFEGX8Z2K3FP1SJ9V3,"{""kind"":""complete"",""config"":{""treatments"":[{""treatment"":{""name"":""Two Players"",""desc"":""Two-player Game"",""factors"":{""numSwipes"":5,""playerCount"":2}},""count"":1}]}}",2024-05-05T14:33:39.98369+01:00,,,true,2024-05-05T14:33:39.995288+01:00,"{""name"":""Default shared fail"",""kind"":""shared"",""duration"":300000000000,""strategy"":""fail""}",2024-05-05T14:33:39.98369+01:00,terminated,2024-05-05T14:35:02.538088+01:00
