id,batchID,batchIDLastChangedAt,gameID,gameIDLastChangedAt,playerID,playerIDLastChangedAt
01HX2A4Z0RHHFMBTM2BJA9GKYZ,01HX2A4N6ZEX7NFA2FK7PXEF3R,2024-05-04T18:24:10.392773+01:00,01HX2A4N79NCGFF8XAH83VXVN8,2024-05-04T18:24:10.392773+01:00,01HX2A4W0CDZTFT008X6F9NTCP,2024-05-04T18:24:10.392773+01:00
01HX42SB36DVZF897WR9EYRQ0N,01HX42RYJBMDJF8TCTFP4ZG762,2024-05-05T10:53:58.374824+01:00,01HX42RYJYCKH5SRD15XTVHHQM,2024-05-05T10:53:58.374824+01:00,01HX42S832Q9PJEWT3DRCHP8S1,2024-05-05T10:53:58.374824+01:00
01HX43Z2WX2VD7X98FBA50NS2J,01HX43XTS8VQ5W0QAQ9YDSNR7V,2024-05-05T11:14:35.165232+01:00,01HX43XTSKH4H0YK3ZZDXFFYVS,2024-05-05T11:14:35.165232+01:00,01HX43YMP492XV3VDEP0BB41BF,2024-05-05T11:14:35.165232+01:00
01HX45F30FD8X626C41GK3JBN1,01HX45EH5ZPXXCE31NY9NVJJHE,2024-05-05T11:40:48.143668+01:00,01HX45EH6EACD2X3X27YPYQKPY,2024-05-05T11:40:48.143668+01:00,01HX45ERECF48CFD7TJDG4MTAF,2024-05-05T11:40:48.143668+01:00
01HX1Q37S7FSSEHBYRW0RYF3S0,01HX1Q2CBN1R8SBKSSEZQY0QY8,2024-05-04T12:51:10.887574+01:00,01HX1Q2CC0DMAS2N7AVYNXP1S6,2024-05-04T12:51:10.887574+01:00,01HX1Q36JY4P0J5A8NWZYV9XWQ,2024-05-04T12:51:10.887574+01:00
01HX269PAGRB4RQYVJTBA1AT27,01HX2692S4MMJVGTW921YW1RGF,2024-05-04T17:16:51.024285+01:00,01HX2692SGJ4RZ26K5HF5E6ETJ,2024-05-04T17:16:51.024285+01:00,01HX269FXGSZNWCD8X6D05KKD0,2024-05-04T17:16:51.024285+01:00
01HX2811JQTAD1RPHNNFMJ7MQ5,01HX280MPQ05MQHFPTS3NSEZGE,2024-05-04T17:47:04.791079+01:00,01HX280MQ2ATJ66QM92B96K6ZX,2024-05-04T17:47:04.791079+01:00,01HX280Y15YBSDS216Q9GV1820,2024-05-04T17:47:04.791079+01:00
01HX44XJ99Y1DGFG38QSRQG87N,01HX44WX8RR73JN18XRYGYGKZ6,2024-05-05T11:31:13.961547+01:00,01HX44WX97JHV2G0GCTP7X2MCB,2024-05-05T11:31:13.961547+01:00,01HX44XB8CFYYZSRPZ3KM6WN9G,2024-05-05T11:31:13.961547+01:00
01HX4G0G26XTE6ZFCR3GJPF7D1,01HX4FZY1X90CAB3Q3VVAGGWMZ,2024-05-05T14:45:04.326294+01:00,01HX4FZY2EM4NS8VN1QJWGTE2M,2024-05-05T14:45:04.326294+01:00,01HX4G0770PSA0XPZ8BVM1M1G3,2024-05-05T14:45:04.326294+01:00
01HX4G40PSBRY52V2DDZ9CM3SP,01HX4G1V1YYYM47WA3APANBFBT,2024-05-05T14:46:59.674011+01:00,01HX4G1V29J2SJ21SH1BB6EG5G,2024-05-05T14:46:59.674011+01:00,01HX4G3NRNEZBT0VHA0VBT073F,2024-05-05T14:46:59.674011+01:00
01HX46RX2ENRJRJTG22D7Y1S3R,01HX46R6J0CPVE2XPVDHGKQFXT,2024-05-05T12:03:38.318947+01:00,01HX46R6JEQYB8J3H54JPVRE70,2024-05-05T12:03:38.318947+01:00,01HX46RPGNRCRHQ92BR8RKFPVW,2024-05-05T12:03:38.318947+01:00
01HX4DVRWKBEW468S57AB74G5Y,01HX4DV59VK2YR0QV9CX3TKJ4T,2024-05-05T14:07:32.371533+01:00,01HX4DV5ABKRR7808MND32WE52,2024-05-05T14:07:32.371533+01:00,01HX4DVHXQNZ7V4AJFJB4XK3PZ,2024-05-05T14:07:32.371533+01:00
01HX1VS30W2F0T17M3330W0B0T,01HX1VQEAMSM5S35NVWA3W4FJZ,2024-05-04T14:13:01.212258+01:00,01HX1VQEB5817FFX0P0P5520ZB,2024-05-04T14:13:01.212258+01:00,01HX1VRYRK7BSN1F31YY23ZZ4B,2024-05-04T14:13:01.212258+01:00
01HX29TNDFAZ2DQTAGGCW3G4P1,01HX29SXAA6W4HHB6A7M20Z3VB,2024-05-04T18:18:32.87996+01:00,01HX29SXAY49Q1XSBWRMHQYD1H,2024-05-04T18:18:32.87996+01:00,01HX29TJFX7RTRNWMGPB6FZSW1,2024-05-04T18:18:32.87996+01:00
01HX2AGYNQJ0XRDG8A421PYM69,01HX2AGH3A5HMME7XP3QHYYM3V,2024-05-04T18:30:43.255846+01:00,01HX2AGH3NZAA6FKFCX5A4KJCE,2024-05-04T18:30:43.255846+01:00,01HX2AGVYXGS1C1Q7FJ32K7GC8,2024-05-04T18:30:43.255846+01:00
01HX4DVRWM7Q34ZNYCN0DNM12C,01HX4DV59VK2YR0QV9CX3TKJ4T,2024-05-05T14:07:32.372235+01:00,01HX4DV5ABKRR7808MND32WE52,2024-05-05T14:07:32.372235+01:00,01HX4DVKJ6B5S3KRMVAA63JD3F,2024-05-05T14:07:32.372235+01:00
01HX1PDMACA6F01RZWAZJGJ4A9,01HX1HCQHP27QE0H7HDPTAJDEG,2024-05-04T12:39:22.828772+01:00,01HX1HCQJA9RTHYH65K5JBA2W9,2024-05-04T12:39:22.828772+01:00,01HX1PDHB7X8G2SBGEYY749074,2024-05-04T12:39:22.828772+01:00
01HX2107J2FVEAQ9R0XZT3A0JD,01HX20Z4AHBPZ5SMS5657NJWWY,2024-05-04T15:44:18.114235+01:00,01HX20Z4AW19XTFT33N0SPHA0Q,2024-05-04T15:44:18.114235+01:00,01HX2103FV97R8PE2HF045AT2S,2024-05-04T15:44:18.114235+01:00
01HX212TKF88TQW2TXCGVQWT4P,01HX2125CYZ2WED9VM585D2X0B,2024-05-04T15:45:43.151195+01:00,01HX2125DENC3NGW9DV58FF2KY,2024-05-04T15:45:43.151195+01:00,01HX212QPB7N1ZEJRW717EDN2F,2024-05-04T15:45:43.151195+01:00
01HX294SP35CY105YTAHTTFKKH,01HX29477XQAZP12PXJFPPRCVW,2024-05-04T18:06:36.356001+01:00,01HX29478EGN3K5QYW5TW6X4XJ,2024-05-04T18:06:36.356001+01:00,01HX294PD48K9BN7KMH6MKGR65,2024-05-04T18:06:36.356001+01:00
01HX28861YRJ03ESN29RRV958K,01HX286R8ZDT3RTATG100BT2TG,2024-05-04T17:50:58.750148+01:00,01HX286R97T206NY2N7KYRXG4E,2024-05-04T17:50:58.750148+01:00,01HX2881DMX2VQK028FYVV5N9B,2024-05-04T17:50:58.750148+01:00
01HX29XGT456KF3F398Y3MV78V,01HX29WQ293W3YCDC3R7SKDFRJ,2024-05-04T18:20:06.468105+01:00,01HX29WQ2K11193NFNM7ANGB7F,2024-05-04T18:20:06.468105+01:00,01HX280Y15YBSDS216Q9GV1820,2024-05-04T18:20:06.468105+01:00
01HX44570SE3NH5CCG31C9W814,01HX4448HAVQKM8QH9PW1CY9QD,2024-05-05T11:17:55.993723+01:00,01HX4448HM9J9HG8CVSZHXPJ1C,2024-05-05T11:17:55.993723+01:00,01HX444VQG0YNPTEX800SRHKCS,2024-05-05T11:17:55.993723+01:00
01HX447M3DCBQF08Q4ZXQ56J09,01HX446MKVJGJWX5QSBG0KCCBW,2024-05-05T11:19:14.925927+01:00,01HX446MMBFSN73P919AVGP9V6,2024-05-05T11:19:14.925927+01:00,01HX447CMN1V2XP1MXCZT2JG5K,2024-05-05T11:19:14.925927+01:00
01HX1RVCKCB6P4NTJN6JTP53CA,01HX1Q8YQBXADXPAGGWTYSJTAV,2024-05-04T13:21:50.82861+01:00,01HX1Q8YQQW1HJWFWHRPDSF980,2024-05-04T13:21:50.82861+01:00,01HX1Q94WFGA0YB10WPM325QT6,2024-05-04T13:21:50.82861+01:00
01HX2A482WCTWN60NR98FNVPY8,01HX2A3XGH7D1YESX3PJ212J9R,2024-05-04T18:23:46.908448+01:00,01HX2A3XGXYMH5T0AEYA1STYAV,2024-05-04T18:23:46.908448+01:00,01HX2A45ECZMRTYPNMT7YK7QK6,2024-05-04T18:23:46.908448+01:00
01HX4CKP43B8FQV2Z67AEK65RG,01HX4CJZN95KJTA31S4J4HZ0PE,2024-05-05T13:45:38.820009+01:00,01HX4CJZNNWSWX27P2WJPMC7YE,2024-05-05T13:45:38.820009+01:00,01HX29TJFX7RTRNWMGPB6FZSW1,2024-05-05T13:45:38.820009+01:00
01HX4G0G26XTE6ZFCR3TJJEJAV,01HX4FZY1X90CAB3Q3VVAGGWMZ,2024-05-05T14:45:04.326695+01:00,01HX4FZY2EM4NS8VN1QJWGTE2M,2024-05-05T14:45:04.326695+01:00,01HX4G08H27WTV73DTRM07M9SN,2024-05-05T14:45:04.326695+01:00
01HX278KJW3SM1PA67BG8E5AE9,01HX27855ANY0K6Q2FPHCRSWBN,2024-05-04T17:33:44.028187+01:00,01HX27855MQQDFQN246BJDA2NW,2024-05-04T17:33:44.028187+01:00,01HX278FWP4KF8R601XNBSG90Z,2024-05-04T17:33:44.028187+01:00
01HX2AA03NR9GM43SP8ZA0V9GA,01HX2A9BRYE3Z172EEWYRPWF5E,2024-05-04T18:26:55.349152+01:00,01HX2A9BSAZXFGN2DXABEKH32W,2024-05-04T18:26:55.349152+01:00,01HX2A9WZ182K0SX8NBWXDK8MC,2024-05-04T18:26:55.349152+01:00
01HX447M3DCBQF08Q4ZRYB9WRM,01HX446MKVJGJWX5QSBG0KCCBW,2024-05-05T11:19:14.925681+01:00,01HX446MMBFSN73P919AVGP9V6,2024-05-05T11:19:14.925681+01:00,01HX447ASAE9FPNFATTN1VP4TE,2024-05-05T11:19:14.925681+01:00
01HX44XJ99Y1DGFG38R2Q61HW8,01HX44WX8RR73JN18XRYGYGKZ6,2024-05-05T11:31:13.961839+01:00,01HX44WX97JHV2G0GCTP7X2MCB,2024-05-05T11:31:13.961839+01:00,01HX44XCPCQJF741FAQPFQ0PFD,2024-05-05T11:31:13.961839+01:00
01HX44570TNTQEEABTS86DT7BA,01HX4448HAVQKM8QH9PW1CY9QD,2024-05-05T11:17:55.994018+01:00,01HX4448HM9J9HG8CVSZHXPJ1C,2024-05-05T11:17:55.994018+01:00,01HX4454H57YE5YTHBWN57CG4P,2024-05-05T11:17:55.994018+01:00
01HX29C6A1MTSV7C82DMVDYG35,01HX29BQ9G4CVD66KP7TA1MNY9,2024-05-04T18:10:38.657092+01:00,01HX29BQ9V2EDHE5FW7ZR7XASF,2024-05-04T18:10:38.657092+01:00,01HX1Q94WFGA0YB10WPM325QT6,2024-05-04T18:10:38.657092+01:00
01HX20XAWTCZ5QCXFZSR8EH68M,01HX20WRJPDB9CVA7PDBJKT03Z,2024-05-04T15:42:43.226609+01:00,01HX20WRK7917C31GMX32T4GP2,2024-05-04T15:42:43.226609+01:00,01HX20X7HAT13FHET85GSPMSQC,2024-05-04T15:42:43.226609+01:00
01HX28FCQ0GBKSZD4J41KDAH8Y,01HX28F0HA2RR3NCRQNSC8VZV4,2024-05-04T17:54:54.944528+01:00,01HX28F0HP2Y4E5ZW2HXE6FTE6,2024-05-04T17:54:54.944528+01:00,01HX28F9WN37J56HEH4159Y2RX,2024-05-04T17:54:54.944528+01:00
01HX2AC2VXTZ36WXMEDF0ZB280,01HX2ABNY00PM2A66X5P37ZSSN,2024-05-04T18:28:03.709131+01:00,01HX2ABNY91CZ7EGABQQA072DH,2024-05-04T18:28:03.709131+01:00,01HX2AC0418KAEFRMJJBARXKWT,2024-05-04T18:28:03.709131+01:00
01HX2AE396KVRRH1ZQ4QRX7756,01HX2ADR8G5DJCVTYF60SYMYZ9,2024-05-04T18:29:09.670704+01:00,01HX2ADR8XV8MBF81DMDMTPGY5,2024-05-04T18:29:09.670704+01:00,01HX2AE0KJXKFTFB48BY4DS84Z,2024-05-04T18:29:09.670704+01:00
01HX45F30FD8X626C41SEEERE4,01HX45EH5ZPXXCE31NY9NVJJHE,2024-05-05T11:40:48.144012+01:00,01HX45EH6EACD2X3X27YPYQKPY,2024-05-05T11:40:48.144012+01:00,01HX45EWNWC130W8AMWYP093DM,2024-05-05T11:40:48.144012+01:00
01HX44P7WNP1XQR0MS9XGK0X2G,01HX44N7QA09AAPSM86CP03CH4,2024-05-05T11:27:13.941067+01:00,01HX44N7QT05TWRYF3A5FZDEAS,2024-05-05T11:27:13.941067+01:00,01HX44NZDE97GWSYN8FM2Z78S8,2024-05-05T11:27:13.941067+01:00
01HX283SGPRGRR105ZW2X2SP02,01HX283DKNRSYA110XWPR4QRBE,2024-05-04T17:48:34.838576+01:00,01HX283DM1XPCK7Q1602BXXYZD,2024-05-04T17:48:34.838576+01:00,01HX283Q1KX7XMA3CC812SCMWE,2024-05-04T17:48:34.838576+01:00
01HX45B44PRMYWWCAQVCVNK5GA,01HX45AC0QQVMS1PCXN2225449,2024-05-05T11:38:38.230423+01:00,01HX45AC1893E9C76KDBEASN0R,2024-05-05T11:38:38.230423+01:00,01HX45AWWYHMJNGXWAXT16N2J7,2024-05-05T11:38:38.230423+01:00
01HX4CKP44REWTKBP09FWF8NKW,01HX4CJZN95KJTA31S4J4HZ0PE,2024-05-05T13:45:38.820509+01:00,01HX4CJZNNWSWX27P2WJPMC7YE,2024-05-05T13:45:38.820509+01:00,01HX4CKE858GAE98MVX166R2SM,2024-05-05T13:45:38.820509+01:00
01HX2018BV4F29XCTJ1W2TY6HH,01HX1ZZX7WGMXFX6TAF91CRE86,2024-05-04T15:27:23.131035+01:00,01HX1ZZX8B6V8RSA91RYM9WVZ3,2024-05-04T15:27:23.131035+01:00,01HX2012STVTNM1M22T0GM811S,2024-05-04T15:27:23.131035+01:00
01HX29Z7EAZRB04RXY4NK8PNS2,01HX29YC2ENG1YFCNRG4TQSS0E,2024-05-04T18:21:02.41049+01:00,01HX29YC2Q3T0F1FENNAFXMD2M,2024-05-04T18:21:02.41049+01:00,01HX29Z3QAQXEANA525G12YK1Q,2024-05-04T18:21:02.41049+01:00
01HX44P7WMP66VCPDPJAEX02TG,01HX44N7QA09AAPSM86CP03CH4,2024-05-05T11:27:13.940793+01:00,01HX44N7QT05TWRYF3A5FZDEAS,2024-05-05T11:27:13.940793+01:00,01HX44NXTSD8FVQN1GX99S06DB,2024-05-05T11:27:13.940793+01:00
01HX46RX2ENRJRJTG227BMFSQJ,01HX46R6J0CPVE2XPVDHGKQFXT,2024-05-05T12:03:38.318601+01:00,01HX46R6JEQYB8J3H54JPVRE70,2024-05-05T12:03:38.318601+01:00,01HX46RHYYQ7XTNYK3Q3GX0EBV,2024-05-05T12:03:38.318601+01:00
01HX1TBC7EHMW6STDEJTG1EQ1T,01HX1T45TVHE4MAEXX694T64SM,2024-05-04T13:48:03.310785+01:00,01HX1T45VEMA5YR5ECD1GY8JSM,2024-05-04T13:48:03.310785+01:00,01HX1TB7V7PK12VM4MS9CQXEFS,2024-05-04T13:48:03.310785+01:00
01HX43Z2WX2VD7X98FBHMQE84X,01HX43XTS8VQ5W0QAQ9YDSNR7V,2024-05-05T11:14:35.165499+01:00,01HX43XTSKH4H0YK3ZZDXFFYVS,2024-05-05T11:14:35.165499+01:00,01HX43YT6V043Q3Q6CB1C7NKV1,2024-05-05T11:14:35.165499+01:00
01HX4G40PVSJCWB0ETZS5Q9GNN,01HX4G1V1YYYM47WA3APANBFBT,2024-05-05T14:46:59.675182+01:00,01HX4G1V29J2SJ21SH1BB6EG5G,2024-05-05T14:46:59.675182+01:00,01HX4G3SYWR22VRB2XC8EZ4WJ7,2024-05-05T14:46:59.675182+01:00
01HX45B44NYGFWHCNKP11AJGYN,01HX45AC0QQVMS1PCXN2225449,2024-05-05T11:38:38.229919+01:00,01HX45AC1893E9C76KDBEASN0R,2024-05-05T11:38:38.229919+01:00,01HX45APPEY0ADJ3XXY6XRXR9P,2024-05-05T11:38:38.229919+01:00
