id,batchID,batchIDLastChangedAt,gameID,gameIDLastChangedAt,playerID,playerIDLastChangedAt,roundID,roundIDLastChangedAt,stageID,stageIDLastChangedAt,submit,submitLastChangedAt
01HX42SJ0027FHPN0K97XF04M9,01HX42RYJBMDJF8TCTFP4ZG762,2024-05-05T10:54:05.440831+01:00,01HX42RYJYCKH5SRD15XTVHHQM,2024-05-05T10:54:05.440831+01:00,01HX42S832Q9PJEWT3DRCHP8S1,2024-05-05T10:54:05.440831+01:00,01HX42SB3WMN0NCGERF14ZQ0MC,2024-05-05T10:54:05.440831+01:00,01HX42SB5QHNSM5159HFWQ6NBC,2024-05-05T10:54:05.440831+01:00,true,2024-05-05T10:54:05.845557+01:00
01HX46SJPXRHRZMT5TV62FPGCQ,01HX46R6J0CPVE2XPVDHGKQFXT,2024-05-05T12:04:00.477069+01:00,01HX46R6JEQYB8J3H54JPVRE70,2024-05-05T12:04:00.477069+01:00,01HX46RHYYQ7XTNYK3Q3GX0EBV,2024-05-05T12:04:00.477069+01:00,01HX46RX33EPYFTQDWRZYTZ65T,2024-05-05T12:04:00.477069+01:00,01HX46RX47Z0CAYXPQ9XF6XNRD,2024-05-05T12:04:00.477069+01:00,,
01HX4DWDYVKFHQHPKCRHNFJT4D,01HX4DV59VK2YR0QV9CX3TKJ4T,2024-05-05T14:07:53.947356+01:00,01HX4DV5ABKRR7808MND32WE52,2024-05-05T14:07:53.947356+01:00,01HX4DVKJ6B5S3KRMVAA63JD3F,2024-05-05T14:07:53.947356+01:00,01HX4DVRXA0AK2MHW8HHEWBRYC,2024-05-05T14:07:53.947356+01:00,01HX4DVRYDZ4N1BXDXM2NBC2CC,2024-05-05T14:07:53.947356+01:00,,
01HX4G4HGFSF0M5HEZ9E3JX3M0,01HX4G1V1YYYM47WA3APANBFBT,2024-05-05T14:47:16.87984+01:00,01HX4G1V29J2SJ21SH1BB6EG5G,2024-05-05T14:47:16.87984+01:00,01HX4G3NRNEZBT0VHA0VBT073F,2024-05-05T14:47:16.87984+01:00,01HX4G40QGBBZCM3MD5DCPVX50,2024-05-05T14:47:16.87984+01:00,01HX4G40S2F4CDBXQBZSS7GV4N,2024-05-05T14:47:16.87984+01:00,,
01HX42SGDXXFVA2WD6YD2PJDC5,01HX42RYJBMDJF8TCTFP4ZG762,2024-05-05T10:54:03.837509+01:00,01HX42RYJYCKH5SRD15XTVHHQM,2024-05-05T10:54:03.837509+01:00,01HX42S832Q9PJEWT3DRCHP8S1,2024-05-05T10:54:03.837509+01:00,01HX42SB3TT97RJMGN762C2NPH,2024-05-05T10:54:03.837509+01:00,01HX42SB57MXX8W664DMM27KQH,2024-05-05T10:54:03.837509+01:00,true,2024-05-05T10:54:04.345773+01:00
01HX45FM9JWC9KZWED70WY024C,01HX45EH5ZPXXCE31NY9NVJJHE,2024-05-05T11:41:05.842821+01:00,01HX45EH6EACD2X3X27YPYQKPY,2024-05-05T11:41:05.842821+01:00,01HX45ERECF48CFD7TJDG4MTAF,2024-05-05T11:41:05.842821+01:00,01HX45F3123VM9XFVSM4T6GVH8,2024-05-05T11:41:05.842821+01:00,01HX45F32S9HD55HGDGTDQ3F0D,2024-05-05T11:41:05.842821+01:00,,
01HX4DWB4RJ3B8CRED5Y9G3W1M,01HX4DV59VK2YR0QV9CX3TKJ4T,2024-05-05T14:07:51.064814+01:00,01HX4DV5ABKRR7808MND32WE52,2024-05-05T14:07:51.064814+01:00,01HX4DVKJ6B5S3KRMVAA63JD3F,2024-05-05T14:07:51.064814+01:00,01HX4DVRX94N9X2V1V824VDKSW,2024-05-05T14:07:51.064814+01:00,01HX4DVRY4SQ1DHQMCE4HVFT35,2024-05-05T14:07:51.064814+01:00,,
01HX4G4JHSV70RS4WY6CAE1X89,01HX4G1V1YYYM47WA3APANBFBT,2024-05-05T14:47:17.945608+01:00,01HX4G1V29J2SJ21SH1BB6EG5G,2024-05-05T14:47:17.945608+01:00,01HX4G3SYWR22VRB2XC8EZ4WJ7,2024-05-05T14:47:17.945608+01:00,01HX4G40QGBBZCM3MD5KV5P39N,2024-05-05T14:47:17.945608+01:00,01HX4G40SBWFAE8BGZDGVS7YQM,2024-05-05T14:47:17.945608+01:00,true,2024-05-05T14:47:18.901317+01:00
01HX1PDMDVHE41R68DWKZAFP2D,01HX1HCQHP27QE0H7HDPTAJDEG,2024-05-04T12:39:22.939847+01:00,01HX1HCQJA9RTHYH65K5JBA2W9,2024-05-04T12:39:22.939847+01:00,01HX1PDHB7X8G2SBGEYY749074,2024-05-04T12:39:22.939847+01:00,01HX1PDMAR2CK1G4CT5BH6KTEK,2024-05-04T12:39:22.939847+01:00,01HX1PDMB5KZ3B5ZZ67ZJZZR3B,2024-05-04T12:39:22.939847+01:00,true,2024-05-04T12:39:27.124363+01:00
01HX1PDRH5QEVNJK3J6FMDNRPC,01HX1HCQHP27QE0H7HDPTAJDEG,2024-05-04T12:39:27.141465+01:00,01HX1HCQJA9RTHYH65K5JBA2W9,2024-05-04T12:39:27.141465+01:00,01HX1PDHB7X8G2SBGEYY749074,2024-05-04T12:39:27.141465+01:00,01HX1PDMAR2CK1G4CT5BH6KTEK,2024-05-04T12:39:27.141465+01:00,01HX1PDMB5KZ3B5ZZ68K99QSQ8,2024-05-04T12:39:27.141465+01:00,true,2024-05-04T12:39:29.456467+01:00
01HX2AH4Q097RCP8DV98XEHKTX,01HX2AGH3A5HMME7XP3QHYYM3V,2024-05-04T18:30:49.440122+01:00,01HX2AGH3NZAA6FKFCX5A4KJCE,2024-05-04T18:30:49.440122+01:00,01HX2AGVYXGS1C1Q7FJ32K7GC8,2024-05-04T18:30:49.440122+01:00,01HX2AGYPFD9B6GYB7S4432WS8,2024-05-04T18:30:49.440122+01:00,01HX2AGYR59R3JVXT7BBFAVVY1,2024-05-04T18:30:49.440122+01:00,true,2024-05-04T18:30:49.955173+01:00
01HX46SCS45X5QAWDTRTE1FGYW,01HX46R6J0CPVE2XPVDHGKQFXT,2024-05-05T12:03:54.404255+01:00,01HX46R6JEQYB8J3H54JPVRE70,2024-05-05T12:03:54.404255+01:00,01HX46RHYYQ7XTNYK3Q3GX0EBV,2024-05-05T12:03:54.404255+01:00,01HX46RX32XJJ60858J0G5FMX5,2024-05-05T12:03:54.404255+01:00,01HX46RX3ZYZ0KA0BDMXR1N21B,2024-05-05T12:03:54.404255+01:00,,
01HX4G16WF4C5C4FY84TEX2DY7,01HX4FZY1X90CAB3Q3VVAGGWMZ,2024-05-05T14:45:27.69567+01:00,01HX4FZY2EM4NS8VN1QJWGTE2M,2024-05-05T14:45:27.69567+01:00,01HX4G08H27WTV73DTRM07M9SN,2024-05-05T14:45:27.69567+01:00,01HX4G0G2WWZSZZVJREV2MG5PW,2024-05-05T14:45:27.69567+01:00,01HX4G0G4RW9XAXHVKR5SR83MX,2024-05-05T14:45:27.69567+01:00,,
01HX2AH36JQTBQMKD44RC3K4M6,01HX2AGH3A5HMME7XP3QHYYM3V,2024-05-04T18:30:47.890794+01:00,01HX2AGH3NZAA6FKFCX5A4KJCE,2024-05-04T18:30:47.890794+01:00,01HX2AGVYXGS1C1Q7FJ32K7GC8,2024-05-04T18:30:47.890794+01:00,01HX2AGYPFD9B6GYB7SFQR8W7D,2024-05-04T18:30:47.890794+01:00,01HX2AGYQNZEVJJ7F1NVAMAV9Y,2024-05-04T18:30:47.890794+01:00,true,2024-05-04T18:30:48.415395+01:00
01HX44QQPH0RDX6GXC9VWZ91F2,01HX44N7QA09AAPSM86CP03CH4,2024-05-05T11:28:02.897879+01:00,01HX44N7QT05TWRYF3A5FZDEAS,2024-05-05T11:28:02.897879+01:00,01HX44NXTSD8FVQN1GX99S06DB,2024-05-05T11:28:02.897879+01:00,01HX44P7XA9CC5MCKE8YWFNDK3,2024-05-05T11:28:02.897879+01:00,01HX44P7YQJM41BSKDG33G6SWJ,2024-05-05T11:28:02.897879+01:00,,
01HX4DW8XJQKJF0NN5XQBJE710,01HX4DV59VK2YR0QV9CX3TKJ4T,2024-05-05T14:07:48.786915+01:00,01HX4DV5ABKRR7808MND32WE52,2024-05-05T14:07:48.786915+01:00,01HX4DVHXQNZ7V4AJFJB4XK3PZ,2024-05-05T14:07:48.786915+01:00,01HX4DVRX94N9X2V1V824VDKSW,2024-05-05T14:07:48.786915+01:00,01HX4DVRY39FZ4B7A6H831P4KM,2024-05-05T14:07:48.786915+01:00,true,2024-05-05T14:07:49.926093+01:00
01HX4DWC5XF7K0G0BX9MDFQ3N2,01HX4DV59VK2YR0QV9CX3TKJ4T,2024-05-05T14:07:52.125553+01:00,01HX4DV5ABKRR7808MND32WE52,2024-05-05T14:07:52.125553+01:00,01HX4DVKJ6B5S3KRMVAA63JD3F,2024-05-05T14:07:52.125553+01:00,01HX4DVRXA0AK2MHW8HHEWBRYC,2024-05-05T14:07:52.125553+01:00,01HX4DVRYCZ2QYRJPFM7JCFVXK,2024-05-05T14:07:52.125553+01:00,true,2024-05-05T14:07:52.740021+01:00
01HX4G4C97F221F0C7KA6RHG1R,01HX4G1V1YYYM47WA3APANBFBT,2024-05-05T14:47:11.527601+01:00,01HX4G1V29J2SJ21SH1BB6EG5G,2024-05-05T14:47:11.527601+01:00,01HX4G3SYWR22VRB2XC8EZ4WJ7,2024-05-05T14:47:11.527601+01:00,01HX4G40QF6GTGRFZRKJ72A4YX,2024-05-05T14:47:11.527601+01:00,01HX4G40RRPM36DE86MPG46DVB,2024-05-05T14:47:11.527601+01:00,,
01HX44Y3HBX346F6PPZ3JDVV2C,01HX44WX8RR73JN18XRYGYGKZ6,2024-05-05T11:31:31.627679+01:00,01HX44WX97JHV2G0GCTP7X2MCB,2024-05-05T11:31:31.627679+01:00,01HX44XCPCQJF741FAQPFQ0PFD,2024-05-05T11:31:31.627679+01:00,01HX44XJ9Y414N2E3XG0XVQA89,2024-05-05T11:31:31.627679+01:00,01HX44XJASVESWQ6MT4EVFS45V,2024-05-05T11:31:31.627679+01:00,true,2024-05-05T11:31:34.691995+01:00
01HX45BS5MQZKVEK58X9GSTEEA,01HX45AC0QQVMS1PCXN2225449,2024-05-05T11:38:59.764039+01:00,01HX45AC1893E9C76KDBEASN0R,2024-05-05T11:38:59.764039+01:00,01HX45APPEY0ADJ3XXY6XRXR9P,2024-05-05T11:38:59.764039+01:00,01HX45B458NKYG4880CJZBSE1R,2024-05-05T11:38:59.764039+01:00,01HX45B469XP5W8P92SMWAW2DY,2024-05-05T11:38:59.764039+01:00,true,2024-05-05T11:39:05.558996+01:00
01HX45FB3318KJ7NDGEDFHQQTP,01HX45EH5ZPXXCE31NY9NVJJHE,2024-05-05T11:40:56.419546+01:00,01HX45EH6EACD2X3X27YPYQKPY,2024-05-05T11:40:56.419546+01:00,01HX45ERECF48CFD7TJDG4MTAF,2024-05-05T11:40:56.419546+01:00,01HX45F31159FA74TPZPKW3JD9,2024-05-05T11:40:56.419546+01:00,01HX45F328DPRWB61T5BRYTMRN,2024-05-05T11:40:56.419546+01:00,,
01HX4CKT9G3HR1YNKECFQEY0X1,01HX4CJZN95KJTA31S4J4HZ0PE,2024-05-05T13:45:43.088611+01:00,01HX4CJZNNWSWX27P2WJPMC7YE,2024-05-05T13:45:43.088611+01:00,01HX29TJFX7RTRNWMGPB6FZSW1,2024-05-05T13:45:43.088611+01:00,01HX4CKP4QYR5VEATES027CKQE,2024-05-05T13:45:43.088611+01:00,01HX4CKP558KSBG1QJ6YX5CGWC,2024-05-05T13:45:43.088611+01:00,,
01HX4G482V98PX3JQRS03EMX6W,01HX4G1V1YYYM47WA3APANBFBT,2024-05-05T14:47:07.227663+01:00,01HX4G1V29J2SJ21SH1BB6EG5G,2024-05-05T14:47:07.227663+01:00,01HX4G3SYWR22VRB2XC8EZ4WJ7,2024-05-05T14:47:07.227663+01:00,01HX4G40QF6GTGRFZRK1YAEEJ4,2024-05-05T14:47:07.227663+01:00,01HX4G40RD7DSB5Q9KG8WGX9K9,2024-05-05T14:47:07.227663+01:00,,
01HX2AH57X8DJBSCDC1NEN1V7X,01HX2AGH3A5HMME7XP3QHYYM3V,2024-05-04T18:30:49.981694+01:00,01HX2AGH3NZAA6FKFCX5A4KJCE,2024-05-04T18:30:49.981694+01:00,01HX2AGVYXGS1C1Q7FJ32K7GC8,2024-05-04T18:30:49.981694+01:00,01HX2AGYPHWRY7MAGRC7CD26R7,2024-05-04T18:30:49.981694+01:00,01HX2AGYRAJX3X2C4J4RMFPME2,2024-05-04T18:30:49.981694+01:00,true,2024-05-04T18:30:50.606704+01:00
01HX448166WKSHQHG51DKAXHY3,01HX446MKVJGJWX5QSBG0KCCBW,2024-05-05T11:19:28.326228+01:00,01HX446MMBFSN73P919AVGP9V6,2024-05-05T11:19:28.326228+01:00,01HX447ASAE9FPNFATTN1VP4TE,2024-05-05T11:19:28.326228+01:00,01HX447M49WNZZD5N0XRADDTB6,2024-05-05T11:19:28.326228+01:00,01HX447M53S1JQPSA4HF0QXB7V,2024-05-05T11:19:28.326228+01:00,true,2024-05-05T11:19:29.67526+01:00
01HX44YCKBAQEA7R2MWZXJWQHM,01HX44WX8RR73JN18XRYGYGKZ6,2024-05-05T11:31:40.907936+01:00,01HX44WX97JHV2G0GCTP7X2MCB,2024-05-05T11:31:40.907936+01:00,01HX44XCPCQJF741FAQPFQ0PFD,2024-05-05T11:31:40.907936+01:00,01HX44XJ9Z0819KGE1CQKRT515,2024-05-05T11:31:40.907936+01:00,01HX44XJB1VQZP0BY6JZ7R7QX7,2024-05-05T11:31:40.907936+01:00,true,2024-05-05T11:31:42.07193+01:00
01HX45FFYD4ZVK5JCZD9VWJZ6Y,01HX45EH5ZPXXCE31NY9NVJJHE,2024-05-05T11:41:01.389076+01:00,01HX45EH6EACD2X3X27YPYQKPY,2024-05-05T11:41:01.389076+01:00,01HX45ERECF48CFD7TJDG4MTAF,2024-05-05T11:41:01.389076+01:00,01HX45F31159FA74TPZBBWFAM5,2024-05-05T11:41:01.389076+01:00,01HX45F32H2H4AM0Q5SC60MGQE,2024-05-05T11:41:01.389076+01:00,,
01HX2A36C2KQ3QF33XJ1H55NTX,01HX29YC2ENG1YFCNRG4TQSS0E,2024-05-04T18:23:12.386547+01:00,01HX29YC2Q3T0F1FENNAFXMD2M,2024-05-04T18:23:12.386547+01:00,01HX29Z3QAQXEANA525G12YK1Q,2024-05-04T18:23:12.386547+01:00,01HX2A369M6NCJH9PW8F02JPKK,2024-05-04T18:23:12.386547+01:00,01HX2A36A3D7QEWG154Z59NMFY,2024-05-04T18:23:12.386547+01:00,true,2024-05-04T18:23:16.12311+01:00
01HX448MCZ8ZGAXRPF9FT7CCXB,01HX446MKVJGJWX5QSBG0KCCBW,2024-05-05T11:19:47.999582+01:00,01HX446MMBFSN73P919AVGP9V6,2024-05-05T11:19:47.999582+01:00,01HX447CMN1V2XP1MXCZT2JG5K,2024-05-05T11:19:47.999582+01:00,01HX447M4BACCAGCEET20N3BAV,2024-05-05T11:19:47.999582+01:00,01HX447M66B9TA8GX3H6JRQN5F,2024-05-05T11:19:47.999582+01:00,true,2024-05-05T11:19:49.267258+01:00
01HX44Y6HVDFPR2G2TTW9ER6PY,01HX44WX8RR73JN18XRYGYGKZ6,2024-05-05T11:31:34.715236+01:00,01HX44WX97JHV2G0GCTP7X2MCB,2024-05-05T11:31:34.715236+01:00,01HX44XCPCQJF741FAQPFQ0PFD,2024-05-05T11:31:34.715236+01:00,01HX44XJ9Y414N2E3XG0XVQA89,2024-05-05T11:31:34.715236+01:00,01HX44XJATMYSAMR0BZE792CDG,2024-05-05T11:31:34.715236+01:00,true,2024-05-05T11:31:36.35454+01:00
01HX46S468EJ7YJVC6HYZMJXDV,01HX46R6J0CPVE2XPVDHGKQFXT,2024-05-05T12:03:45.608829+01:00,01HX46R6JEQYB8J3H54JPVRE70,2024-05-05T12:03:45.608829+01:00,01HX46RHYYQ7XTNYK3Q3GX0EBV,2024-05-05T12:03:45.608829+01:00,01HX46RX31JPZB7FMJTJ4WRF9J,2024-05-05T12:03:45.608829+01:00,01HX46RX3P41PR9E5GTZ1J9AK0,2024-05-05T12:03:45.608829+01:00,true,2024-05-05T12:03:49.13047+01:00
01HX4484B7A7P2DY2N9WP9G7RP,01HX446MKVJGJWX5QSBG0KCCBW,2024-05-05T11:19:31.559736+01:00,01HX446MMBFSN73P919AVGP9V6,2024-05-05T11:19:31.559736+01:00,01HX447ASAE9FPNFATTN1VP4TE,2024-05-05T11:19:31.559736+01:00,01HX447M49WNZZD5N0YJE8RKK3,2024-05-05T11:19:31.559736+01:00,01HX447M57DWVB1JG297W8AZE1,2024-05-05T11:19:31.559736+01:00,true,2024-05-05T11:19:32.974456+01:00
01HX44YCKBAQEA7R2MWKQH5REF,01HX44WX8RR73JN18XRYGYGKZ6,2024-05-05T11:31:40.907565+01:00,01HX44WX97JHV2G0GCTP7X2MCB,2024-05-05T11:31:40.907565+01:00,01HX44XB8CFYYZSRPZ3KM6WN9G,2024-05-05T11:31:40.907565+01:00,01HX44XJ9Z0819KGE1CQKRT515,2024-05-05T11:31:40.907565+01:00,01HX44XJB1VQZP0BY6JZ7R7QX7,2024-05-05T11:31:40.907565+01:00,true,2024-05-05T11:31:43.386886+01:00
01HX4CMAN154SQ6HWGHNW8V01T,01HX4CJZN95KJTA31S4J4HZ0PE,2024-05-05T13:45:59.841375+01:00,01HX4CJZNNWSWX27P2WJPMC7YE,2024-05-05T13:45:59.841375+01:00,01HX29TJFX7RTRNWMGPB6FZSW1,2024-05-05T13:45:59.841375+01:00,01HX4CKP4T76Z3JXZWKCGHTD7J,2024-05-05T13:45:59.841375+01:00,01HX4CKP634GN9KDAP5H6QRME7,2024-05-05T13:45:59.841375+01:00,true,2024-05-05T13:46:02.135995+01:00
01HX4DW2X4Y7Q4Q4C1EZ2BWA1F,01HX4DV59VK2YR0QV9CX3TKJ4T,2024-05-05T14:07:42.628423+01:00,01HX4DV5ABKRR7808MND32WE52,2024-05-05T14:07:42.628423+01:00,01HX4DVHXQNZ7V4AJFJB4XK3PZ,2024-05-05T14:07:42.628423+01:00,01HX4DVRX8992DM83VGCMEWQBT,2024-05-05T14:07:42.628423+01:00,01HX4DVRXK8382883MY3F5N011,2024-05-05T14:07:42.628423+01:00,,
01HX4G1A39G73JDCQSYPPGJQ6K,01HX4FZY1X90CAB3Q3VVAGGWMZ,2024-05-05T14:45:30.985857+01:00,01HX4FZY2EM4NS8VN1QJWGTE2M,2024-05-05T14:45:30.985857+01:00,01HX4G08H27WTV73DTRM07M9SN,2024-05-05T14:45:30.985857+01:00,01HX4G0G2XAH5E6FD2A2QJ28SH,2024-05-05T14:45:30.985857+01:00,01HX4G0G4ZJ817W2MP0D5D1JF2,2024-05-05T14:45:30.985857+01:00,,
01HX2AH2H31SHF3HJCA83CA07A,01HX2AGH3A5HMME7XP3QHYYM3V,2024-05-04T18:30:47.203715+01:00,01HX2AGH3NZAA6FKFCX5A4KJCE,2024-05-04T18:30:47.203715+01:00,01HX2AGVYXGS1C1Q7FJ32K7GC8,2024-05-04T18:30:47.203715+01:00,01HX2AGYPEBP07NR9WXFBDTM4P,2024-05-04T18:30:47.203715+01:00,01HX2AGYQFB3JHP0Q9P73VS5JW,2024-05-04T18:30:47.203715+01:00,true,2024-05-04T18:30:47.861888+01:00
01HX44QQPJWSN74N2DCR9G3S59,01HX44N7QA09AAPSM86CP03CH4,2024-05-05T11:28:02.898444+01:00,01HX44N7QT05TWRYF3A5FZDEAS,2024-05-05T11:28:02.898444+01:00,01HX44NZDE97GWSYN8FM2Z78S8,2024-05-05T11:28:02.898444+01:00,01HX44P7XA9CC5MCKE8YWFNDK3,2024-05-05T11:28:02.898444+01:00,01HX44P7YQJM41BSKDG33G6SWJ,2024-05-05T11:28:02.898444+01:00,,
01HX4CM605F9BKJDW1R1M2P1ZW,01HX4CJZN95KJTA31S4J4HZ0PE,2024-05-05T13:45:55.077163+01:00,01HX4CJZNNWSWX27P2WJPMC7YE,2024-05-05T13:45:55.077163+01:00,01HX4CKE858GAE98MVX166R2SM,2024-05-05T13:45:55.077163+01:00,01HX4CKP4S5B5N75YDEQ07X125,2024-05-05T13:45:55.077163+01:00,01HX4CKP5WTAY3ZRY3QZZ9DV0P,2024-05-05T13:45:55.077163+01:00,true,2024-05-05T13:45:56.203948+01:00
01HX4DW7WFZTCT09Y6JZGVZBPV,01HX4DV59VK2YR0QV9CX3TKJ4T,2024-05-05T14:07:47.727683+01:00,01HX4DV5ABKRR7808MND32WE52,2024-05-05T14:07:47.727683+01:00,01HX4DVHXQNZ7V4AJFJB4XK3PZ,2024-05-05T14:07:47.727683+01:00,01HX4DVRX94N9X2V1V7J930J5X,2024-05-05T14:07:47.727683+01:00,01HX4DVRXVCWJD01EB3480A5XA,2024-05-05T14:07:47.727683+01:00,,
01HX42SEPQ0HN01PC06F0SQDBR,01HX42RYJBMDJF8TCTFP4ZG762,2024-05-05T10:54:02.071312+01:00,01HX42RYJYCKH5SRD15XTVHHQM,2024-05-05T10:54:02.071312+01:00,01HX42S832Q9PJEWT3DRCHP8S1,2024-05-05T10:54:02.071312+01:00,01HX42SB3SA5T206H380S3VST5,2024-05-05T10:54:02.071312+01:00,01HX42SB4PE6AENRYG7N0CRJ6N,2024-05-05T10:54:02.071312+01:00,true,2024-05-05T10:54:02.679235+01:00
01HX447MC46FVXXC4EFGZBC52X,01HX446MKVJGJWX5QSBG0KCCBW,2024-05-05T11:19:15.20475+01:00,01HX446MMBFSN73P919AVGP9V6,2024-05-05T11:19:15.20475+01:00,01HX447ASAE9FPNFATTN1VP4TE,2024-05-05T11:19:15.20475+01:00,01HX447M45DGC2554D42AX0YZC,2024-05-05T11:19:15.20475+01:00,01HX447M4NPG64GEN1459Y0A8H,2024-05-05T11:19:15.20475+01:00,true,2024-05-05T11:19:23.136816+01:00
01HX44QKVN13GNB8A9B7FH2A75,01HX44N7QA09AAPSM86CP03CH4,2024-05-05T11:27:58.96575+01:00,01HX44N7QT05TWRYF3A5FZDEAS,2024-05-05T11:27:58.96575+01:00,01HX44NXTSD8FVQN1GX99S06DB,2024-05-05T11:27:58.96575+01:00,01HX44P7XA9CC5MCKE8YWFNDK3,2024-05-05T11:27:58.96575+01:00,01HX44P7YP7SJF52Z90HEB2DTF,2024-05-05T11:27:58.96575+01:00,true,2024-05-05T11:28:00.135406+01:00
01HX45B7ZC6TH22M1D6S5CGX95,01HX45AC0QQVMS1PCXN2225449,2024-05-05T11:38:42.156623+01:00,01HX45AC1893E9C76KDBEASN0R,2024-05-05T11:38:42.156623+01:00,01HX45AWWYHMJNGXWAXT16N2J7,2024-05-05T11:38:42.156623+01:00,01HX45B457588G8Y5M0PGY0BVR,2024-05-05T11:38:42.156623+01:00,01HX45B45PFFVT312D4PYYFM3J,2024-05-05T11:38:42.156623+01:00,true,2024-05-05T11:38:46.536217+01:00
01HX46SMPVAJSEHJ9CZ9XSH224,01HX46R6J0CPVE2XPVDHGKQFXT,2024-05-05T12:04:02.523703+01:00,01HX46R6JEQYB8J3H54JPVRE70,2024-05-05T12:04:02.523703+01:00,01HX46RPGNRCRHQ92BR8RKFPVW,2024-05-05T12:04:02.523703+01:00,01HX46RX33EPYFTQDWRK81GM14,2024-05-05T12:04:02.523703+01:00,01HX46RX4EB02G8PVGG75416K5,2024-05-05T12:04:02.523703+01:00,true,2024-05-05T12:04:03.739837+01:00
01HX44PETS9DN9YSQNGZ0DERSG,01HX44N7QA09AAPSM86CP03CH4,2024-05-05T11:27:21.049696+01:00,01HX44N7QT05TWRYF3A5FZDEAS,2024-05-05T11:27:21.049696+01:00,01HX44NXTSD8FVQN1GX99S06DB,2024-05-05T11:27:21.049696+01:00,01HX44P7X7ZHRFJMRQEK83STNQ,2024-05-05T11:27:21.049696+01:00,01HX44P7XRTHT77XYBZTWD4SH4,2024-05-05T11:27:21.049696+01:00,,
01HX4CM3ZWBXEAXPV4G1QAFKGC,01HX4CJZN95KJTA31S4J4HZ0PE,2024-05-05T13:45:53.020755+01:00,01HX4CJZNNWSWX27P2WJPMC7YE,2024-05-05T13:45:53.020755+01:00,01HX4CKE858GAE98MVX166R2SM,2024-05-05T13:45:53.020755+01:00,01HX4CKP4R2TXJWSKA26AX94BR,2024-05-05T13:45:53.020755+01:00,01HX4CKP5N6D7BHRY7R9PDJZ0B,2024-05-05T13:45:53.020755+01:00,,
01HX4DW3Y0XVBFZ0677A7C2RVJ,01HX4DV59VK2YR0QV9CX3TKJ4T,2024-05-05T14:07:43.680836+01:00,01HX4DV5ABKRR7808MND32WE52,2024-05-05T14:07:43.680836+01:00,01HX4DVHXQNZ7V4AJFJB4XK3PZ,2024-05-05T14:07:43.680836+01:00,01HX4DVRX94N9X2V1V7J930J5X,2024-05-05T14:07:43.680836+01:00,01HX4DVRXVCWJD01EB2KFBNM0C,2024-05-05T14:07:43.680836+01:00,true,2024-05-05T14:07:45.446181+01:00
01HX4G16WF4C5C4FY84DGVMXXW,01HX4FZY1X90CAB3Q3VVAGGWMZ,2024-05-05T14:45:27.695115+01:00,01HX4FZY2EM4NS8VN1QJWGTE2M,2024-05-05T14:45:27.695115+01:00,01HX4G0770PSA0XPZ8BVM1M1G3,2024-05-05T14:45:27.695115+01:00,01HX4G0G2WWZSZZVJREV2MG5PW,2024-05-05T14:45:27.695115+01:00,01HX4G0G4RW9XAXHVKR5SR83MX,2024-05-05T14:45:27.695115+01:00,,
01HX1VSBM2XVHCW07CWZCTB84Q,01HX1VQEAMSM5S35NVWA3W4FJZ,2024-05-04T14:13:10.018473+01:00,01HX1VQEB5817FFX0P0P5520ZB,2024-05-04T14:13:10.018473+01:00,01HX1VRYRK7BSN1F31YY23ZZ4B,2024-05-04T14:13:10.018473+01:00,01HX1VS314410XXWAFA7HG91DS,2024-05-04T14:13:10.018473+01:00,01HX1VS31DGMKMTQ6N3PFNYYZK,2024-05-04T14:13:10.018473+01:00,,
01HX45C2F5W7Y5R15HXVPT64RC,01HX45AC0QQVMS1PCXN2225449,2024-05-05T11:39:09.285844+01:00,01HX45AC1893E9C76KDBEASN0R,2024-05-05T11:39:09.285844+01:00,01HX45APPEY0ADJ3XXY6XRXR9P,2024-05-05T11:39:09.285844+01:00,01HX45B45A5295WT4EB9S6N9SQ,2024-05-05T11:39:09.285844+01:00,01HX45B46GSH8N78PPJSBJPR9E,2024-05-05T11:39:09.285844+01:00,true,2024-05-05T11:39:11.808646+01:00
01HX45C4ZATDWSDH9EK6TPEQ07,01HX45AC0QQVMS1PCXN2225449,2024-05-05T11:39:11.850075+01:00,01HX45AC1893E9C76KDBEASN0R,2024-05-05T11:39:11.850075+01:00,01HX45AWWYHMJNGXWAXT16N2J7,2024-05-05T11:39:11.850075+01:00,01HX45B45DVPR3KVGAGDDG45JA,2024-05-05T11:39:11.850075+01:00,01HX45B46Q91GBM1B8AS8DTCE9,2024-05-05T11:39:11.850075+01:00,true,2024-05-05T11:39:14.109805+01:00
01HX4DVS3Q9ZMXSG50G1JNKWEV,01HX4DV59VK2YR0QV9CX3TKJ4T,2024-05-05T14:07:32.599253+01:00,01HX4DV5ABKRR7808MND32WE52,2024-05-05T14:07:32.599253+01:00,01HX4DVKJ6B5S3KRMVAA63JD3F,2024-05-05T14:07:32.599253+01:00,01HX4DVRX8992DM83VGCMEWQBT,2024-05-05T14:07:32.599253+01:00,01HX4DVRXK8382883MXG20DHN3,2024-05-05T14:07:32.599253+01:00,,
01HX4DW8XKG8VWJS8076HR5QCA,01HX4DV59VK2YR0QV9CX3TKJ4T,2024-05-05T14:07:48.787368+01:00,01HX4DV5ABKRR7808MND32WE52,2024-05-05T14:07:48.787368+01:00,01HX4DVKJ6B5S3KRMVAA63JD3F,2024-05-05T14:07:48.787368+01:00,01HX4DVRX94N9X2V1V824VDKSW,2024-05-05T14:07:48.787368+01:00,01HX4DVRY39FZ4B7A6H831P4KM,2024-05-05T14:07:48.787368+01:00,true,2024-05-05T14:07:51.036751+01:00
01HX4G494AYW68Q73XY1B420VG,01HX4G1V1YYYM47WA3APANBFBT,2024-05-05T14:47:08.298812+01:00,01HX4G1V29J2SJ21SH1BB6EG5G,2024-05-05T14:47:08.298812+01:00,01HX4G3NRNEZBT0VHA0VBT073F,2024-05-05T14:47:08.298812+01:00,01HX4G40QF6GTGRFZRKJ72A4YX,2024-05-05T14:47:08.298812+01:00,01HX4G40RQ76NG65KJWFF177JT,2024-05-05T14:47:08.298812+01:00,true,2024-05-05T14:47:11.4847+01:00
01HX29TW0Y5YTPSNVS6J2WKDN6,01HX29SXAA6W4HHB6A7M20Z3VB,2024-05-04T18:18:39.646129+01:00,01HX29SXAY49Q1XSBWRMHQYD1H,2024-05-04T18:18:39.646129+01:00,01HX29TJFX7RTRNWMGPB6FZSW1,2024-05-04T18:18:39.646129+01:00,01HX29TNDR51EDMYP1P9J8R2Y7,2024-05-04T18:18:39.646129+01:00,01HX29TNE3SZFC9CT5NSSC33CG,2024-05-04T18:18:39.646129+01:00,true,2024-05-04T18:18:42.073974+01:00
01HX44XJH4CKDG5T5STBBZAHS5,01HX44WX8RR73JN18XRYGYGKZ6,2024-05-05T11:31:14.212109+01:00,01HX44WX97JHV2G0GCTP7X2MCB,2024-05-05T11:31:14.212109+01:00,01HX44XB8CFYYZSRPZ3KM6WN9G,2024-05-05T11:31:14.212109+01:00,01HX44XJ9V58SXS67DRC9TN5D8,2024-05-05T11:31:14.212109+01:00,01HX44XJAA1YVHW1G9P83AYXHM,2024-05-05T11:31:14.212109+01:00,true,2024-05-05T11:31:17.204296+01:00
01HX4CM6041E972SM9WA2SKP7C,01HX4CJZN95KJTA31S4J4HZ0PE,2024-05-05T13:45:55.076713+01:00,01HX4CJZNNWSWX27P2WJPMC7YE,2024-05-05T13:45:55.076713+01:00,01HX29TJFX7RTRNWMGPB6FZSW1,2024-05-05T13:45:55.076713+01:00,01HX4CKP4S5B5N75YDEQ07X125,2024-05-05T13:45:55.076713+01:00,01HX4CKP5WTAY3ZRY3QZZ9DV0P,2024-05-05T13:45:55.076713+01:00,true,2024-05-05T13:45:57.767538+01:00
01HX4DW7WEZMQ93MP7172A068S,01HX4DV59VK2YR0QV9CX3TKJ4T,2024-05-05T14:07:47.726608+01:00,01HX4DV5ABKRR7808MND32WE52,2024-05-05T14:07:47.726608+01:00,01HX4DVKJ6B5S3KRMVAA63JD3F,2024-05-05T14:07:47.726608+01:00,01HX4DVRX94N9X2V1V7J930J5X,2024-05-05T14:07:47.726608+01:00,01HX4DVRXVCWJD01EB3480A5XA,2024-05-05T14:07:47.726608+01:00,,
01HX4G11BT5P0VT0Y0NKKKJB1R,01HX4FZY1X90CAB3Q3VVAGGWMZ,2024-05-05T14:45:22.042374+01:00,01HX4FZY2EM4NS8VN1QJWGTE2M,2024-05-05T14:45:22.042374+01:00,01HX4G08H27WTV73DTRM07M9SN,2024-05-05T14:45:22.042374+01:00,01HX4G0G2WWZSZZVJREG7D5NW6,2024-05-05T14:45:22.042374+01:00,01HX4G0G3VETK9MR6ZP3HS3MNA,2024-05-05T14:45:22.042374+01:00,true,2024-05-05T14:45:24.297567+01:00
01HX46RX9FK045196MH6WEZ28W,01HX46R6J0CPVE2XPVDHGKQFXT,2024-05-05T12:03:38.543414+01:00,01HX46R6JEQYB8J3H54JPVRE70,2024-05-05T12:03:38.543414+01:00,01HX46RPGNRCRHQ92BR8RKFPVW,2024-05-05T12:03:38.543414+01:00,01HX46RX30Y6QE2X2PWJCXEWEN,2024-05-05T12:03:38.543414+01:00,01HX46RX3EBE39YW1RW939K2Q2,2024-05-05T12:03:38.543414+01:00,true,2024-05-05T12:03:43.541277+01:00
01HX42SFV9PYDD66FHZT2866AJ,01HX42RYJBMDJF8TCTFP4ZG762,2024-05-05T10:54:03.241199+01:00,01HX42RYJYCKH5SRD15XTVHHQM,2024-05-05T10:54:03.241199+01:00,01HX42S832Q9PJEWT3DRCHP8S1,2024-05-05T10:54:03.241199+01:00,01HX42SB3V504891NBXW4STENH,2024-05-05T10:54:03.241199+01:00,01HX42SB5152KB5PRX2691AAB9,2024-05-05T10:54:03.241199+01:00,true,2024-05-05T10:54:03.804924+01:00
01HX448FCDT26EKCJXV5QY93HG,01HX446MKVJGJWX5QSBG0KCCBW,2024-05-05T11:19:42.861507+01:00,01HX446MMBFSN73P919AVGP9V6,2024-05-05T11:19:42.861507+01:00,01HX447ASAE9FPNFATTN1VP4TE,2024-05-05T11:19:42.861507+01:00,01HX447M49WNZZD5N0Z1KN68YP,2024-05-05T11:19:42.861507+01:00,01HX447M5W9M05VP67TE95FK9Z,2024-05-05T11:19:42.861507+01:00,true,2024-05-05T11:19:45.468543+01:00
01HX45BF3DNDVY6BE151G0D52J,01HX45AC0QQVMS1PCXN2225449,2024-05-05T11:38:49.453859+01:00,01HX45AC1893E9C76KDBEASN0R,2024-05-05T11:38:49.453859+01:00,01HX45AWWYHMJNGXWAXT16N2J7,2024-05-05T11:38:49.453859+01:00,01HX45B459Q64JRGBNCEH6ZWPN,2024-05-05T11:38:49.453859+01:00,01HX45B460FA7A7CBNF9PVPE46,2024-05-05T11:38:49.453859+01:00,true,2024-05-05T11:38:55.00334+01:00
01HX45BMJ9B6EG2DGM5S7W6NF9,01HX45AC0QQVMS1PCXN2225449,2024-05-05T11:38:55.049163+01:00,01HX45AC1893E9C76KDBEASN0R,2024-05-05T11:38:55.049163+01:00,01HX45AWWYHMJNGXWAXT16N2J7,2024-05-05T11:38:55.049163+01:00,01HX45B458NKYG4880CJZBSE1R,2024-05-05T11:38:55.049163+01:00,01HX45B468G6XW3GDP51XTDH4H,2024-05-05T11:38:55.049163+01:00,true,2024-05-05T11:38:59.744128+01:00
01HX45FD326BK9W68MNV87CG3N,01HX45EH5ZPXXCE31NY9NVJJHE,2024-05-05T11:40:58.466434+01:00,01HX45EH6EACD2X3X27YPYQKPY,2024-05-05T11:40:58.466434+01:00,01HX45EWNWC130W8AMWYP093DM,2024-05-05T11:40:58.466434+01:00,01HX45F31159FA74TPZBBWFAM5,2024-05-05T11:40:58.466434+01:00,01HX45F32GTFG8VWHNXFDEH86A,2024-05-05T11:40:58.466434+01:00,true,2024-05-05T11:41:01.371982+01:00
01HX2A3A1AKA9WCS8YZKM66027,01HX29YC2ENG1YFCNRG4TQSS0E,2024-05-04T18:23:16.138756+01:00,01HX29YC2Q3T0F1FENNAFXMD2M,2024-05-04T18:23:16.138756+01:00,01HX29Z3QAQXEANA525G12YK1Q,2024-05-04T18:23:16.138756+01:00,01HX2A369M6NCJH9PW8F02JPKK,2024-05-04T18:23:16.138756+01:00,01HX2A36A3D7QEWG155RVHR35F,2024-05-04T18:23:16.138756+01:00,true,2024-05-04T18:23:17.464561+01:00
01HX45FHY7FQN8S6EPGTEZMP3X,01HX45EH5ZPXXCE31NY9NVJJHE,2024-05-05T11:41:03.431519+01:00,01HX45EH6EACD2X3X27YPYQKPY,2024-05-05T11:41:03.431519+01:00,01HX45EWNWC130W8AMWYP093DM,2024-05-05T11:41:03.431519+01:00,01HX45F3123VM9XFVSM4T6GVH8,2024-05-05T11:41:03.431519+01:00,01HX45F32S9HD55HGDG94F05B8,2024-05-05T11:41:03.431519+01:00,true,2024-05-05T11:41:05.819273+01:00
01HX46SJPWVX3PJJSJQDY2S6E0,01HX46R6J0CPVE2XPVDHGKQFXT,2024-05-05T12:04:00.476565+01:00,01HX46R6JEQYB8J3H54JPVRE70,2024-05-05T12:04:00.476565+01:00,01HX46RPGNRCRHQ92BR8RKFPVW,2024-05-05T12:04:00.476565+01:00,01HX46RX33EPYFTQDWRZYTZ65T,2024-05-05T12:04:00.476565+01:00,01HX46RX47Z0CAYXPQ9XF6XNRD,2024-05-05T12:04:00.476565+01:00,,
01HX4G0V599VKRCN9BW6T1YDJZ,01HX4FZY1X90CAB3Q3VVAGGWMZ,2024-05-05T14:45:15.689859+01:00,01HX4FZY2EM4NS8VN1QJWGTE2M,2024-05-05T14:45:15.689859+01:00,01HX4G08H27WTV73DTRM07M9SN,2024-05-05T14:45:15.689859+01:00,01HX4G0G2VY1Z4XG0HWCSS24GF,2024-05-05T14:45:15.689859+01:00,01HX4G0G3M0KGW1Z7FB6QZXX0B,2024-05-05T14:45:15.689859+01:00,true,2024-05-05T14:45:19.43358+01:00
01HX4G17XNE7GVXKA69ZE9KH8G,01HX4FZY1X90CAB3Q3VVAGGWMZ,2024-05-05T14:45:28.757039+01:00,01HX4FZY2EM4NS8VN1QJWGTE2M,2024-05-05T14:45:28.757039+01:00,01HX4G0770PSA0XPZ8BVM1M1G3,2024-05-05T14:45:28.757039+01:00,01HX4G0G2XAH5E6FD2A2QJ28SH,2024-05-05T14:45:28.757039+01:00,01HX4G0G4ZJ817W2MNZT5FS5VG,2024-05-05T14:45:28.757039+01:00,true,2024-05-05T14:45:29.84931+01:00
01HX4484B832HQXDH3ZE48R1HN,01HX446MKVJGJWX5QSBG0KCCBW,2024-05-05T11:19:31.560027+01:00,01HX446MMBFSN73P919AVGP9V6,2024-05-05T11:19:31.560027+01:00,01HX447CMN1V2XP1MXCZT2JG5K,2024-05-05T11:19:31.560027+01:00,01HX447M49WNZZD5N0YJE8RKK3,2024-05-05T11:19:31.560027+01:00,01HX447M57DWVB1JG297W8AZE1,2024-05-05T11:19:31.560027+01:00,true,2024-05-05T11:19:34.773067+01:00
01HX4CKW9WC60JB0GQABHT28FE,01HX4CJZN95KJTA31S4J4HZ0PE,2024-05-05T13:45:45.148331+01:00,01HX4CJZNNWSWX27P2WJPMC7YE,2024-05-05T13:45:45.148331+01:00,01HX4CKE858GAE98MVX166R2SM,2024-05-05T13:45:45.148331+01:00,01HX4CKP4R2TXJWSKA2JYY3F78,2024-05-05T13:45:45.148331+01:00,01HX4CKP5DNH18VPY0RG0AG8Y4,2024-05-05T13:45:45.148331+01:00,true,2024-05-05T13:45:47.785031+01:00
01HX4G0GAHZGEQWCXXZDVNBJSS,01HX4FZY1X90CAB3Q3VVAGGWMZ,2024-05-05T14:45:04.593717+01:00,01HX4FZY2EM4NS8VN1QJWGTE2M,2024-05-05T14:45:04.593717+01:00,01HX4G0770PSA0XPZ8BVM1M1G3,2024-05-05T14:45:04.593717+01:00,01HX4G0G2T55ZNAP9Z0F4RH3M0,2024-05-05T14:45:04.593717+01:00,01HX4G0G3AWTDSA6F5NB12YV6J,2024-05-05T14:45:04.593717+01:00,,
01HX45C4Z977ZSE7FKSB1995WY,01HX45AC0QQVMS1PCXN2225449,2024-05-05T11:39:11.849687+01:00,01HX45AC1893E9C76KDBEASN0R,2024-05-05T11:39:11.849687+01:00,01HX45APPEY0ADJ3XXY6XRXR9P,2024-05-05T11:39:11.849687+01:00,01HX45B45DVPR3KVGAGDDG45JA,2024-05-05T11:39:11.849687+01:00,01HX45B46Q91GBM1B8AS8DTCE9,2024-05-05T11:39:11.849687+01:00,true,2024-05-05T11:39:12.978216+01:00
01HX4G14M1C1A040G2H8D5RT10,01HX4FZY1X90CAB3Q3VVAGGWMZ,2024-05-05T14:45:25.377941+01:00,01HX4FZY2EM4NS8VN1QJWGTE2M,2024-05-05T14:45:25.377941+01:00,01HX4G08H27WTV73DTRM07M9SN,2024-05-05T14:45:25.377941+01:00,01HX4G0G2WWZSZZVJREV2MG5PW,2024-05-05T14:45:25.377941+01:00,01HX4G0G4QJMX4BHWHTR8F6FCC,2024-05-05T14:45:25.377941+01:00,true,2024-05-05T14:45:27.667677+01:00
01HX2AA8N94V7HSX2TQXTA5B0W,01HX2A9BRYE3Z172EEWYRPWF5E,2024-05-04T18:27:04.105944+01:00,01HX2A9BSAZXFGN2DXABEKH32W,2024-05-04T18:27:04.105944+01:00,01HX2A9WZ182K0SX8NBWXDK8MC,2024-05-04T18:27:04.105944+01:00,01HX2AA04A6K80NBDZ9V4VWHY6,2024-05-04T18:27:04.105944+01:00,01HX2AA062ESAB9THC15A8726D,2024-05-04T18:27:04.105944+01:00,true,2024-05-04T18:27:04.665572+01:00
01HX44QA1AEGTSMTMNW4ZD8EEC,01HX44N7QA09AAPSM86CP03CH4,2024-05-05T11:27:48.906422+01:00,01HX44N7QT05TWRYF3A5FZDEAS,2024-05-05T11:27:48.906422+01:00,01HX44NZDE97GWSYN8FM2Z78S8,2024-05-05T11:27:48.906422+01:00,01HX44P7X9NTRH49B9VMY5KMGG,2024-05-05T11:27:48.906422+01:00,01HX44P7YD32G9D6SV77J8TB8X,2024-05-05T11:27:48.906422+01:00,,
01HX44YH23MFVV2XMR95J8K9SS,01HX44WX8RR73JN18XRYGYGKZ6,2024-05-05T11:31:45.475744+01:00,01HX44WX97JHV2G0GCTP7X2MCB,2024-05-05T11:31:45.475744+01:00,01HX44XCPCQJF741FAQPFQ0PFD,2024-05-05T11:31:45.475744+01:00,01HX44XJ9Y414N2E3XGYNJRESM,2024-05-05T11:31:45.475744+01:00,01HX44XJB8TAVMXF87Q6ZBPGC0,2024-05-05T11:31:45.475744+01:00,true,2024-05-05T11:31:46.590896+01:00
01HX45B4BVGKA3FZ1BH1MKBWMP,01HX45AC0QQVMS1PCXN2225449,2024-05-05T11:38:38.459845+01:00,01HX45AC1893E9C76KDBEASN0R,2024-05-05T11:38:38.459845+01:00,01HX45AWWYHMJNGXWAXT16N2J7,2024-05-05T11:38:38.459845+01:00,01HX45B457588G8Y5M0PGY0BVR,2024-05-05T11:38:38.459845+01:00,01HX45B45PFFVT312D472ZN6W5,2024-05-05T11:38:38.459845+01:00,true,2024-05-05T11:38:40.455448+01:00
01HX45BC9AF74YKFV8BHYD2RC1,01HX45AC0QQVMS1PCXN2225449,2024-05-05T11:38:46.570303+01:00,01HX45AC1893E9C76KDBEASN0R,2024-05-05T11:38:46.570303+01:00,01HX45APPEY0ADJ3XXY6XRXR9P,2024-05-05T11:38:46.570303+01:00,01HX45B459Q64JRGBNCEH6ZWPN,2024-05-05T11:38:46.570303+01:00,01HX45B45Z48858VFMTDTH6TGW,2024-05-05T11:38:46.570303+01:00,true,2024-05-05T11:38:49.438783+01:00
01HX44R1GS03HPEZA3AFN3907M,01HX44N7QA09AAPSM86CP03CH4,2024-05-05T11:28:12.953542+01:00,01HX44N7QT05TWRYF3A5FZDEAS,2024-05-05T11:28:12.953542+01:00,01HX44NXTSD8FVQN1GX99S06DB,2024-05-05T11:28:12.953542+01:00,01HX44P7XB27YVQ6WTNYG6K414,2024-05-05T11:28:12.953542+01:00,01HX44P7Z17TWVX2KZ552ZTF5V,2024-05-05T11:28:12.953542+01:00,true,2024-05-05T11:28:15.062339+01:00
01HX4CM0X158Y09VW7SAJYY3H8,01HX4CJZN95KJTA31S4J4HZ0PE,2024-05-05T13:45:49.857848+01:00,01HX4CJZNNWSWX27P2WJPMC7YE,2024-05-05T13:45:49.857848+01:00,01HX4CKE858GAE98MVX166R2SM,2024-05-05T13:45:49.857848+01:00,01HX4CKP4R2TXJWSKA26AX94BR,2024-05-05T13:45:49.857848+01:00,01HX4CKP5N6D7BHRY7QS3J5TGS,2024-05-05T13:45:49.857848+01:00,true,2024-05-05T13:45:53.00239+01:00
01HX4G13JYFN3CZ76WBDTW0F7T,01HX4FZY1X90CAB3Q3VVAGGWMZ,2024-05-05T14:45:24.318095+01:00,01HX4FZY2EM4NS8VN1QJWGTE2M,2024-05-05T14:45:24.318095+01:00,01HX4G08H27WTV73DTRM07M9SN,2024-05-05T14:45:24.318095+01:00,01HX4G0G2WWZSZZVJREG7D5NW6,2024-05-05T14:45:24.318095+01:00,01HX4G0G3WBEDZ29621JDRP1VE,2024-05-05T14:45:24.318095+01:00,,
01HX4G45M46K91AYWA72FBV3Y9,01HX4G1V1YYYM47WA3APANBFBT,2024-05-05T14:47:04.708096+01:00,01HX4G1V29J2SJ21SH1BB6EG5G,2024-05-05T14:47:04.708096+01:00,01HX4G3NRNEZBT0VHA0VBT073F,2024-05-05T14:47:04.708096+01:00,01HX4G40QF6GTGRFZRK1YAEEJ4,2024-05-05T14:47:04.708096+01:00,01HX4G40RCP00S7489TSHJSQQB,2024-05-05T14:47:04.708096+01:00,true,2024-05-05T14:47:07.201611+01:00
01HX4G4JHRJC9X0BG9KA65949M,01HX4G1V1YYYM47WA3APANBFBT,2024-05-05T14:47:17.944412+01:00,01HX4G1V29J2SJ21SH1BB6EG5G,2024-05-05T14:47:17.944412+01:00,01HX4G3NRNEZBT0VHA0VBT073F,2024-05-05T14:47:17.944412+01:00,01HX4G40QGBBZCM3MD5KV5P39N,2024-05-05T14:47:17.944412+01:00,01HX4G40SBWFAE8BGZDGVS7YQM,2024-05-05T14:47:17.944412+01:00,true,2024-05-05T14:47:20.317989+01:00
01HX2AA83N64C07DVS8NCN267S,01HX2A9BRYE3Z172EEWYRPWF5E,2024-05-04T18:27:03.541693+01:00,01HX2A9BSAZXFGN2DXABEKH32W,2024-05-04T18:27:03.541693+01:00,01HX2A9WZ182K0SX8NBWXDK8MC,2024-05-04T18:27:03.541693+01:00,01HX2AA04713ZZW2GQ8P3THJRE,2024-05-04T18:27:03.541693+01:00,01HX2AA05WPRRK2TH5SAR6G0AT,2024-05-04T18:27:03.541693+01:00,true,2024-05-04T18:27:04.068655+01:00
01HX44XRDWCE95TVGQP0K8RMHS,01HX44WX8RR73JN18XRYGYGKZ6,2024-05-05T11:31:20.252536+01:00,01HX44WX97JHV2G0GCTP7X2MCB,2024-05-05T11:31:20.252536+01:00,01HX44XCPCQJF741FAQPFQ0PFD,2024-05-05T11:31:20.252536+01:00,01HX44XJ9V58SXS67DRC9TN5D8,2024-05-05T11:31:20.252536+01:00,01HX44XJAA1YVHW1G9PX1QRJVX,2024-05-05T11:31:20.252536+01:00,true,2024-05-05T11:31:23.507755+01:00
01HX45BF3DNDVY6BE14VVGT0S9,01HX45AC0QQVMS1PCXN2225449,2024-05-05T11:38:49.453401+01:00,01HX45AC1893E9C76KDBEASN0R,2024-05-05T11:38:49.453401+01:00,01HX45APPEY0ADJ3XXY6XRXR9P,2024-05-05T11:38:49.453401+01:00,01HX45B459Q64JRGBNCEH6ZWPN,2024-05-05T11:38:49.453401+01:00,01HX45B460FA7A7CBNF9PVPE46,2024-05-05T11:38:49.453401+01:00,true,2024-05-05T11:38:53.104337+01:00
01HX45F86238V5271NEYPGBMZG,01HX45EH5ZPXXCE31NY9NVJJHE,2024-05-05T11:40:53.442427+01:00,01HX45EH6EACD2X3X27YPYQKPY,2024-05-05T11:40:53.442427+01:00,01HX45ERECF48CFD7TJDG4MTAF,2024-05-05T11:40:53.442427+01:00,01HX45F31159FA74TPZPKW3JD9,2024-05-05T11:40:53.442427+01:00,01HX45F328DPRWB61T4X795A6E,2024-05-05T11:40:53.442427+01:00,true,2024-05-05T11:40:55.03517+01:00
01HX45FT9AEY016JRVRJ4MVXPT,01HX45EH5ZPXXCE31NY9NVJJHE,2024-05-05T11:41:11.978857+01:00,01HX45EH6EACD2X3X27YPYQKPY,2024-05-05T11:41:11.978857+01:00,01HX45ERECF48CFD7TJDG4MTAF,2024-05-05T11:41:11.978857+01:00,01HX45F3123VM9XFVSKKEKNKR6,2024-05-05T11:41:11.978857+01:00,01HX45F332AE8XAH2N2YFQ9XFW,2024-05-05T11:41:11.978857+01:00,,
01HX4CKW9V7C76HEYJCZ5HG3XF,01HX4CJZN95KJTA31S4J4HZ0PE,2024-05-05T13:45:45.147887+01:00,01HX4CJZNNWSWX27P2WJPMC7YE,2024-05-05T13:45:45.147887+01:00,01HX29TJFX7RTRNWMGPB6FZSW1,2024-05-05T13:45:45.147887+01:00,01HX4CKP4R2TXJWSKA2JYY3F78,2024-05-05T13:45:45.147887+01:00,01HX4CKP5DNH18VPY0RG0AG8Y4,2024-05-05T13:45:45.147887+01:00,true,2024-05-05T13:45:46.370031+01:00
01HX4G4HGESK4MCVP6ZY1303KE,01HX4G1V1YYYM47WA3APANBFBT,2024-05-05T14:47:16.878606+01:00,01HX4G1V29J2SJ21SH1BB6EG5G,2024-05-05T14:47:16.878606+01:00,01HX4G3SYWR22VRB2XC8EZ4WJ7,2024-05-05T14:47:16.878606+01:00,01HX4G40QGBBZCM3MD5DCPVX50,2024-05-05T14:47:16.878606+01:00,01HX4G40S2F4CDBXQBZSS7GV4N,2024-05-05T14:47:16.878606+01:00,,
01HX4487GVQPXFDNA9RNJ8WB00,01HX446MKVJGJWX5QSBG0KCCBW,2024-05-05T11:19:34.811291+01:00,01HX446MMBFSN73P919AVGP9V6,2024-05-05T11:19:34.811291+01:00,01HX447ASAE9FPNFATTN1VP4TE,2024-05-05T11:19:34.811291+01:00,01HX447M49WNZZD5N0Y6E61HTP,2024-05-05T11:19:34.811291+01:00,01HX447M5DX1WGZQSRVE29HT5B,2024-05-05T11:19:34.811291+01:00,true,2024-05-05T11:19:36.020747+01:00
01HX45FFYD4ZVK5JCZDSZFFP32,01HX45EH5ZPXXCE31NY9NVJJHE,2024-05-05T11:41:01.389463+01:00,01HX45EH6EACD2X3X27YPYQKPY,2024-05-05T11:41:01.389463+01:00,01HX45EWNWC130W8AMWYP093DM,2024-05-05T11:41:01.389463+01:00,01HX45F31159FA74TPZBBWFAM5,2024-05-05T11:41:01.389463+01:00,01HX45F32H2H4AM0Q5SC60MGQE,2024-05-05T11:41:01.389463+01:00,,
01HX447YQYGPMZ5BDG8C3NM3YZ,01HX446MKVJGJWX5QSBG0KCCBW,2024-05-05T11:19:25.822699+01:00,01HX446MMBFSN73P919AVGP9V6,2024-05-05T11:19:25.822699+01:00,01HX447CMN1V2XP1MXCZT2JG5K,2024-05-05T11:19:25.822699+01:00,01HX447M48GGQCXAHD5KFRYP1K,2024-05-05T11:19:25.822699+01:00,01HX447M4XD5BD22WDQF45701Z,2024-05-05T11:19:25.822699+01:00,true,2024-05-05T11:19:26.72845+01:00
01HX44Q6SWE10ZNKR6SSY2KNTN,01HX44N7QA09AAPSM86CP03CH4,2024-05-05T11:27:45.59676+01:00,01HX44N7QT05TWRYF3A5FZDEAS,2024-05-05T11:27:45.59676+01:00,01HX44NZDE97GWSYN8FM2Z78S8,2024-05-05T11:27:45.59676+01:00,01HX44P7X9NTRH49B9VMY5KMGG,2024-05-05T11:27:45.59676+01:00,01HX44P7YD32G9D6SV69VS72H7,2024-05-05T11:27:45.59676+01:00,true,2024-05-05T11:27:46.677292+01:00
01HX4G0T45BA80MYV7NGYHHR4F,01HX4FZY1X90CAB3Q3VVAGGWMZ,2024-05-05T14:45:14.629334+01:00,01HX4FZY2EM4NS8VN1QJWGTE2M,2024-05-05T14:45:14.629334+01:00,01HX4G0770PSA0XPZ8BVM1M1G3,2024-05-05T14:45:14.629334+01:00,01HX4G0G2T55ZNAP9Z0F4RH3M0,2024-05-05T14:45:14.629334+01:00,01HX4G0G3B6XPE9G7HRJYZ3JX8,2024-05-05T14:45:14.629334+01:00,,
01HX4CM0X158Y09VW7RVQQW0TZ,01HX4CJZN95KJTA31S4J4HZ0PE,2024-05-05T13:45:49.857432+01:00,01HX4CJZNNWSWX27P2WJPMC7YE,2024-05-05T13:45:49.857432+01:00,01HX29TJFX7RTRNWMGPB6FZSW1,2024-05-05T13:45:49.857432+01:00,01HX4CKP4R2TXJWSKA26AX94BR,2024-05-05T13:45:49.857432+01:00,01HX4CKP5N6D7BHRY7QS3J5TGS,2024-05-05T13:45:49.857432+01:00,true,2024-05-05T13:45:51.205729+01:00
01HX2AA5G2WJ6RBG0D4QJDSFVD,01HX2A9BRYE3Z172EEWYRPWF5E,2024-05-04T18:27:00.866637+01:00,01HX2A9BSAZXFGN2DXABEKH32W,2024-05-04T18:27:00.866637+01:00,01HX2A9WZ182K0SX8NBWXDK8MC,2024-05-04T18:27:00.866637+01:00,01HX2AA045GKKQWW25K6NSXKYC,2024-05-04T18:27:00.866637+01:00,01HX2AA0535DV6W2KKR6JR74S7,2024-05-04T18:27:00.866637+01:00,true,2024-05-04T18:27:01.393641+01:00
01HX44P85NKKZ8NSQTG2KGE4ZF,01HX44N7QA09AAPSM86CP03CH4,2024-05-05T11:27:14.229331+01:00,01HX44N7QT05TWRYF3A5FZDEAS,2024-05-05T11:27:14.229331+01:00,01HX44NXTSD8FVQN1GX99S06DB,2024-05-05T11:27:14.229331+01:00,01HX44P7X7ZHRFJMRQEK83STNQ,2024-05-05T11:27:14.229331+01:00,01HX44P7XRTHT77XYBZ1BHRX3V,2024-05-05T11:27:14.229331+01:00,true,2024-05-05T11:27:21.019795+01:00
01HX46S9NNSP3QEB329ZSHNB1S,01HX46R6J0CPVE2XPVDHGKQFXT,2024-05-05T12:03:51.221689+01:00,01HX46R6JEQYB8J3H54JPVRE70,2024-05-05T12:03:51.221689+01:00,01HX46RHYYQ7XTNYK3Q3GX0EBV,2024-05-05T12:03:51.221689+01:00,01HX46RX32XJJ60858J0G5FMX5,2024-05-05T12:03:51.221689+01:00,01HX46RX3ZYZ0KA0BDMBAE3VHK,2024-05-05T12:03:51.221689+01:00,true,2024-05-05T12:03:52.772999+01:00
01HX4DWF04F48PZ6V72HDK2DPN,01HX4DV59VK2YR0QV9CX3TKJ4T,2024-05-05T14:07:55.012956+01:00,01HX4DV5ABKRR7808MND32WE52,2024-05-05T14:07:55.012956+01:00,01HX4DVHXQNZ7V4AJFJB4XK3PZ,2024-05-05T14:07:55.012956+01:00,01HX4DVRXA0AK2MHW8H1VMW403,2024-05-05T14:07:55.012956+01:00,01HX4DVRYM15MJGVG1R72TCKPS,2024-05-05T14:07:55.012956+01:00,true,2024-05-05T14:07:56.023819+01:00
01HX4G13JX1GJ2MB62F5RQFNXR,01HX4FZY1X90CAB3Q3VVAGGWMZ,2024-05-05T14:45:24.317418+01:00,01HX4FZY2EM4NS8VN1QJWGTE2M,2024-05-05T14:45:24.317418+01:00,01HX4G0770PSA0XPZ8BVM1M1G3,2024-05-05T14:45:24.317418+01:00,01HX4G0G2WWZSZZVJREG7D5NW6,2024-05-05T14:45:24.317418+01:00,01HX4G0G3WBEDZ29621JDRP1VE,2024-05-05T14:45:24.317418+01:00,,
01HX4CM8MQ2ET1XJJ8F0M7PBTA,01HX4CJZN95KJTA31S4J4HZ0PE,2024-05-05T13:45:57.783886+01:00,01HX4CJZNNWSWX27P2WJPMC7YE,2024-05-05T13:45:57.783886+01:00,01HX29TJFX7RTRNWMGPB6FZSW1,2024-05-05T13:45:57.783886+01:00,01HX4CKP4S5B5N75YDEQ07X125,2024-05-05T13:45:57.783886+01:00,01HX4CKP5WTAY3ZRY3RQAFV042,2024-05-05T13:45:57.783886+01:00,,
01HX4DW2X363387R3F24H07QB2,01HX4DV59VK2YR0QV9CX3TKJ4T,2024-05-05T14:07:42.62792+01:00,01HX4DV5ABKRR7808MND32WE52,2024-05-05T14:07:42.62792+01:00,01HX4DVKJ6B5S3KRMVAA63JD3F,2024-05-05T14:07:42.62792+01:00,01HX4DVRX8992DM83VGCMEWQBT,2024-05-05T14:07:42.62792+01:00,01HX4DVRXK8382883MY3F5N011,2024-05-05T14:07:42.62792+01:00,,
01HX1PDTTGZKCDMRDF3G2VTK76,01HX1HCQHP27QE0H7HDPTAJDEG,2024-05-04T12:39:29.488258+01:00,01HX1HCQJA9RTHYH65K5JBA2W9,2024-05-04T12:39:29.488258+01:00,01HX1PDHB7X8G2SBGEYY749074,2024-05-04T12:39:29.488258+01:00,01HX1PDMAR2CK1G4CT5QHPRAT4,2024-05-04T12:39:29.488258+01:00,01HX1PDMBE80KMBAAPWQ2DZXJA,2024-05-04T12:39:29.488258+01:00,true,2024-05-04T12:39:32.459031+01:00
01HX2AA4FHJ2S1SHCF5DMXCD6B,01HX2A9BRYE3Z172EEWYRPWF5E,2024-05-04T18:26:59.825135+01:00,01HX2A9BSAZXFGN2DXABEKH32W,2024-05-04T18:26:59.825135+01:00,01HX2A9WZ182K0SX8NBWXDK8MC,2024-05-04T18:26:59.825135+01:00,01HX2AA045GKKQWW25JNGA2WT2,2024-05-04T18:26:59.825135+01:00,01HX2AA04YA6A8BKG6ZYN7GQHY,2024-05-04T18:26:59.825135+01:00,true,2024-05-04T18:27:00.834506+01:00
01HX42SFAN7P8T60BDHHE0JX79,01HX42RYJBMDJF8TCTFP4ZG762,2024-05-05T10:54:02.709378+01:00,01HX42RYJYCKH5SRD15XTVHHQM,2024-05-05T10:54:02.709378+01:00,01HX42S832Q9PJEWT3DRCHP8S1,2024-05-05T10:54:02.709378+01:00,01HX42SB3TT97RJMGN6QF6F2H5,2024-05-05T10:54:02.709378+01:00,01HX42SB4VWKWA21SYKSMGT9KH,2024-05-05T10:54:02.709378+01:00,true,2024-05-05T10:54:03.211968+01:00
01HX45C76BFWX0AAACZQFE8Y2M,01HX45AC0QQVMS1PCXN2225449,2024-05-05T11:39:14.123353+01:00,01HX45AC1893E9C76KDBEASN0R,2024-05-05T11:39:14.123353+01:00,01HX45APPEY0ADJ3XXY6XRXR9P,2024-05-05T11:39:14.123353+01:00,01HX45B45DVPR3KVGAGDDG45JA,2024-05-05T11:39:14.123353+01:00,01HX45B46R31WTBZ7YXFZ4FZNP,2024-05-05T11:39:14.123353+01:00,true,2024-05-05T11:39:15.961868+01:00
01HX46SES9AKJT1SFXVHPAHJJF,01HX46R6J0CPVE2XPVDHGKQFXT,2024-05-05T12:03:56.457111+01:00,01HX46R6JEQYB8J3H54JPVRE70,2024-05-05T12:03:56.457111+01:00,01HX46RPGNRCRHQ92BR8RKFPVW,2024-05-05T12:03:56.457111+01:00,01HX46RX33EPYFTQDWRZYTZ65T,2024-05-05T12:03:56.457111+01:00,01HX46RX47Z0CAYXPQ9AR0K4KJ,2024-05-05T12:03:56.457111+01:00,true,2024-05-05T12:04:00.459799+01:00
01HX4CMAN154SQ6HWGHYPQVD21,01HX4CJZN95KJTA31S4J4HZ0PE,2024-05-05T13:45:59.841861+01:00,01HX4CJZNNWSWX27P2WJPMC7YE,2024-05-05T13:45:59.841861+01:00,01HX4CKE858GAE98MVX166R2SM,2024-05-05T13:45:59.841861+01:00,01HX4CKP4T76Z3JXZWKCGHTD7J,2024-05-05T13:45:59.841861+01:00,01HX4CKP634GN9KDAP5H6QRME7,2024-05-05T13:45:59.841861+01:00,true,2024-05-05T13:46:00.938583+01:00
01HX4G0V599VKRCN9BVSC9ZJE7,01HX4FZY1X90CAB3Q3VVAGGWMZ,2024-05-05T14:45:15.689337+01:00,01HX4FZY2EM4NS8VN1QJWGTE2M,2024-05-05T14:45:15.689337+01:00,01HX4G0770PSA0XPZ8BVM1M1G3,2024-05-05T14:45:15.689337+01:00,01HX4G0G2VY1Z4XG0HWCSS24GF,2024-05-05T14:45:15.689337+01:00,01HX4G0G3M0KGW1Z7FB6QZXX0B,2024-05-05T14:45:15.689337+01:00,true,2024-05-05T14:45:20.966446+01:00
01HX45FT9BFHHTA1F692F7K3M3,01HX45EH5ZPXXCE31NY9NVJJHE,2024-05-05T11:41:11.979643+01:00,01HX45EH6EACD2X3X27YPYQKPY,2024-05-05T11:41:11.979643+01:00,01HX45EWNWC130W8AMWYP093DM,2024-05-05T11:41:11.979643+01:00,01HX45F3123VM9XFVSKKEKNKR6,2024-05-05T11:41:11.979643+01:00,01HX45F332AE8XAH2N2YFQ9XFW,2024-05-05T11:41:11.979643+01:00,,
01HX4CM8MREC5XA2XMA044C665,01HX4CJZN95KJTA31S4J4HZ0PE,2024-05-05T13:45:57.78435+01:00,01HX4CJZNNWSWX27P2WJPMC7YE,2024-05-05T13:45:57.78435+01:00,01HX4CKE858GAE98MVX166R2SM,2024-05-05T13:45:57.78435+01:00,01HX4CKP4S5B5N75YDEQ07X125,2024-05-05T13:45:57.78435+01:00,01HX4CKP5WTAY3ZRY3RQAFV042,2024-05-05T13:45:57.78435+01:00,,
01HX4G494BQF7DH55TYNE9YD01,01HX4G1V1YYYM47WA3APANBFBT,2024-05-05T14:47:08.299454+01:00,01HX4G1V29J2SJ21SH1BB6EG5G,2024-05-05T14:47:08.299454+01:00,01HX4G3SYWR22VRB2XC8EZ4WJ7,2024-05-05T14:47:08.299454+01:00,01HX4G40QF6GTGRFZRKJ72A4YX,2024-05-05T14:47:08.299454+01:00,01HX4G40RQ76NG65KJWFF177JT,2024-05-05T14:47:08.299454+01:00,true,2024-05-05T14:47:10.036006+01:00
01HX44R5H9SCM29GQ4C7XWFF5K,01HX44N7QA09AAPSM86CP03CH4,2024-05-05T11:28:17.065327+01:00,01HX44N7QT05TWRYF3A5FZDEAS,2024-05-05T11:28:17.065327+01:00,01HX44NXTSD8FVQN1GX99S06DB,2024-05-05T11:28:17.065327+01:00,01HX44P7XB27YVQ6WTNYG6K414,2024-05-05T11:28:17.065327+01:00,01HX44P7Z17TWVX2KZ5PEYRQXC,2024-05-05T11:28:17.065327+01:00,,
01HX46SR4QWCEWWGQX8ARCDDQ9,01HX46R6J0CPVE2XPVDHGKQFXT,2024-05-05T12:04:06.039746+01:00,01HX46R6JEQYB8J3H54JPVRE70,2024-05-05T12:04:06.039746+01:00,01HX46RPGNRCRHQ92BR8RKFPVW,2024-05-05T12:04:06.039746+01:00,01HX46RX33EPYFTQDWRK81GM14,2024-05-05T12:04:06.039746+01:00,01HX46RX4EB02G8PVGGP0WJMJ2,2024-05-05T12:04:06.039746+01:00,,
01HX44R1GS03HPEZA3A50RY405,01HX44N7QA09AAPSM86CP03CH4,2024-05-05T11:28:12.953216+01:00,01HX44N7QT05TWRYF3A5FZDEAS,2024-05-05T11:28:12.953216+01:00,01HX44NZDE97GWSYN8FM2Z78S8,2024-05-05T11:28:12.953216+01:00,01HX44P7XB27YVQ6WTNYG6K414,2024-05-05T11:28:12.953216+01:00,01HX44P7Z17TWVX2KZ552ZTF5V,2024-05-05T11:28:12.953216+01:00,true,2024-05-05T11:28:17.045169+01:00
01HX44XJH4CKDG5T5STRW71G8R,01HX44WX8RR73JN18XRYGYGKZ6,2024-05-05T11:31:14.212392+01:00,01HX44WX97JHV2G0GCTP7X2MCB,2024-05-05T11:31:14.212392+01:00,01HX44XCPCQJF741FAQPFQ0PFD,2024-05-05T11:31:14.212392+01:00,01HX44XJ9V58SXS67DRC9TN5D8,2024-05-05T11:31:14.212392+01:00,01HX44XJAA1YVHW1G9P83AYXHM,2024-05-05T11:31:14.212392+01:00,true,2024-05-05T11:31:20.207298+01:00
01HX45FD326BK9W68MNBS5SGG3,01HX45EH5ZPXXCE31NY9NVJJHE,2024-05-05T11:40:58.466046+01:00,01HX45EH6EACD2X3X27YPYQKPY,2024-05-05T11:40:58.466046+01:00,01HX45ERECF48CFD7TJDG4MTAF,2024-05-05T11:40:58.466046+01:00,01HX45F31159FA74TPZBBWFAM5,2024-05-05T11:40:58.466046+01:00,01HX45F32GTFG8VWHNXFDEH86A,2024-05-05T11:40:58.466046+01:00,true,2024-05-05T11:40:59.890265+01:00
01HX4CM3ZWBXEAXPV4FQ6CZ71B,01HX4CJZN95KJTA31S4J4HZ0PE,2024-05-05T13:45:53.02017+01:00,01HX4CJZNNWSWX27P2WJPMC7YE,2024-05-05T13:45:53.02017+01:00,01HX29TJFX7RTRNWMGPB6FZSW1,2024-05-05T13:45:53.02017+01:00,01HX4CKP4R2TXJWSKA26AX94BR,2024-05-05T13:45:53.02017+01:00,01HX4CKP5N6D7BHRY7R9PDJZ0B,2024-05-05T13:45:53.02017+01:00,,
01HX2018ENT4B8W2QW5AJKXT1F,01HX1ZZX7WGMXFX6TAF91CRE86,2024-05-04T15:27:23.221074+01:00,01HX1ZZX8B6V8RSA91RYM9WVZ3,2024-05-04T15:27:23.221074+01:00,01HX2012STVTNM1M22T0GM811S,2024-05-04T15:27:23.221074+01:00,01HX2018C3KEHCNFN10SFRRF9E,2024-05-04T15:27:23.221074+01:00,01HX2018CDPCR38TJJ3Y41NBY2,2024-05-04T15:27:23.221074+01:00,true,2024-05-04T15:27:27.843269+01:00
01HX45BYWF35E33GMPPGDS3VC8,01HX45AC0QQVMS1PCXN2225449,2024-05-05T11:39:05.615884+01:00,01HX45AC1893E9C76KDBEASN0R,2024-05-05T11:39:05.615884+01:00,01HX45AWWYHMJNGXWAXT16N2J7,2024-05-05T11:39:05.615884+01:00,01HX45B45A5295WT4EB9S6N9SQ,2024-05-05T11:39:05.615884+01:00,01HX45B46GSH8N78PPJ82EKCKD,2024-05-05T11:39:05.615884+01:00,true,2024-05-05T11:39:09.260795+01:00
01HX4DWF05DXJ06BTGHYDFM1TK,01HX4DV59VK2YR0QV9CX3TKJ4T,2024-05-05T14:07:55.013482+01:00,01HX4DV5ABKRR7808MND32WE52,2024-05-05T14:07:55.013482+01:00,01HX4DVKJ6B5S3KRMVAA63JD3F,2024-05-05T14:07:55.013482+01:00,01HX4DVRXA0AK2MHW8H1VMW403,2024-05-05T14:07:55.013482+01:00,01HX4DVRYM15MJGVG1R72TCKPS,2024-05-05T14:07:55.013482+01:00,true,2024-05-05T14:07:57.421445+01:00
01HX44PRMY2GP0BJSATRMW2AB7,01HX44N7QA09AAPSM86CP03CH4,2024-05-05T11:27:31.102719+01:00,01HX44N7QT05TWRYF3A5FZDEAS,2024-05-05T11:27:31.102719+01:00,01HX44NXTSD8FVQN1GX99S06DB,2024-05-05T11:27:31.102719+01:00,01HX44P7X9NTRH49B9V2TNSY21,2024-05-05T11:27:31.102719+01:00,01HX44P7Y4PXW9D3688QEKHD5C,2024-05-05T11:27:31.102719+01:00,true,2024-05-05T11:27:33.358483+01:00
01HX4G14M1C1A040G2GXEYN73H,01HX4FZY1X90CAB3Q3VVAGGWMZ,2024-05-05T14:45:25.377417+01:00,01HX4FZY2EM4NS8VN1QJWGTE2M,2024-05-05T14:45:25.377417+01:00,01HX4G0770PSA0XPZ8BVM1M1G3,2024-05-05T14:45:25.377417+01:00,01HX4G0G2WWZSZZVJREV2MG5PW,2024-05-05T14:45:25.377417+01:00,01HX4G0G4QJMX4BHWHTR8F6FCC,2024-05-05T14:45:25.377417+01:00,true,2024-05-05T14:45:26.632063+01:00
01HX4G17XMYE7098BZW9E00SJX,01HX4FZY1X90CAB3Q3VVAGGWMZ,2024-05-05T14:45:28.756519+01:00,01HX4FZY2EM4NS8VN1QJWGTE2M,2024-05-05T14:45:28.756519+01:00,01HX4G08H27WTV73DTRM07M9SN,2024-05-05T14:45:28.756519+01:00,01HX4G0G2XAH5E6FD2A2QJ28SH,2024-05-05T14:45:28.756519+01:00,01HX4G0G4ZJ817W2MNZT5FS5VG,2024-05-05T14:45:28.756519+01:00,true,2024-05-05T14:45:30.964061+01:00
01HX2AH1PTNEEX0VYWK00R4MHN,01HX2AGH3A5HMME7XP3QHYYM3V,2024-05-04T18:30:46.362428+01:00,01HX2AGH3NZAA6FKFCX5A4KJCE,2024-05-04T18:30:46.362428+01:00,01HX2AGVYXGS1C1Q7FJ32K7GC8,2024-05-04T18:30:46.362428+01:00,01HX2AGYPEBP07NR9WX2SYZ5G8,2024-05-04T18:30:46.362428+01:00,01HX2AGYQ9XNMG6VV6EVDCHJJA,2024-05-04T18:30:46.362428+01:00,true,2024-05-04T18:30:47.174151+01:00
01HX29TNG5SQJ1NNCKAJ2G8YGN,01HX29SXAA6W4HHB6A7M20Z3VB,2024-05-04T18:18:32.965255+01:00,01HX29SXAY49Q1XSBWRMHQYD1H,2024-05-04T18:18:32.965255+01:00,01HX29TJFX7RTRNWMGPB6FZSW1,2024-05-04T18:18:32.965255+01:00,01HX29TNDR51EDMYP1P9J8R2Y7,2024-05-04T18:18:32.965255+01:00,01HX29TNE3SZFC9CT5N4MS80MV,2024-05-04T18:18:32.965255+01:00,true,2024-05-04T18:18:39.627782+01:00
01HX448FCDT26EKCJXVHYHGZGS,01HX446MKVJGJWX5QSBG0KCCBW,2024-05-05T11:19:42.861911+01:00,01HX446MMBFSN73P919AVGP9V6,2024-05-05T11:19:42.861911+01:00,01HX447CMN1V2XP1MXCZT2JG5K,2024-05-05T11:19:42.861911+01:00,01HX447M49WNZZD5N0Z1KN68YP,2024-05-05T11:19:42.861911+01:00,01HX447M5W9M05VP67TE95FK9Z,2024-05-05T11:19:42.861911+01:00,true,2024-05-05T11:19:44.233303+01:00
01HX45FM9KCE42QDYW05WA3EEN,01HX45EH5ZPXXCE31NY9NVJJHE,2024-05-05T11:41:05.843556+01:00,01HX45EH6EACD2X3X27YPYQKPY,2024-05-05T11:41:05.843556+01:00,01HX45EWNWC130W8AMWYP093DM,2024-05-05T11:41:05.843556+01:00,01HX45F3123VM9XFVSM4T6GVH8,2024-05-05T11:41:05.843556+01:00,01HX45F32S9HD55HGDGTDQ3F0D,2024-05-05T11:41:05.843556+01:00,,
01HX448MCZ8ZGAXRPF98J2CW86,01HX446MKVJGJWX5QSBG0KCCBW,2024-05-05T11:19:47.999274+01:00,01HX446MMBFSN73P919AVGP9V6,2024-05-05T11:19:47.999274+01:00,01HX447ASAE9FPNFATTN1VP4TE,2024-05-05T11:19:47.999274+01:00,01HX447M4BACCAGCEET20N3BAV,2024-05-05T11:19:47.999274+01:00,01HX447M66B9TA8GX3H6JRQN5F,2024-05-05T11:19:47.999274+01:00,true,2024-05-05T11:19:50.531516+01:00
01HX44YH23MFVV2XMR8THQXX5T,01HX44WX8RR73JN18XRYGYGKZ6,2024-05-05T11:31:45.475367+01:00,01HX44WX97JHV2G0GCTP7X2MCB,2024-05-05T11:31:45.475367+01:00,01HX44XB8CFYYZSRPZ3KM6WN9G,2024-05-05T11:31:45.475367+01:00,01HX44XJ9Y414N2E3XGYNJRESM,2024-05-05T11:31:45.475367+01:00,01HX44XJB8TAVMXF87Q6ZBPGC0,2024-05-05T11:31:45.475367+01:00,true,2024-05-05T11:31:48.090953+01:00
01HX45B7ZC6TH22M1D6FW52414,01HX45AC0QQVMS1PCXN2225449,2024-05-05T11:38:42.15615+01:00,01HX45AC1893E9C76KDBEASN0R,2024-05-05T11:38:42.15615+01:00,01HX45APPEY0ADJ3XXY6XRXR9P,2024-05-05T11:38:42.15615+01:00,01HX45B457588G8Y5M0PGY0BVR,2024-05-05T11:38:42.15615+01:00,01HX45B45PFFVT312D4PYYFM3J,2024-05-05T11:38:42.15615+01:00,true,2024-05-05T11:38:44.736868+01:00
01HX2AA2Y6CQZ64PPXC8BFJ9ZE,01HX2A9BRYE3Z172EEWYRPWF5E,2024-05-04T18:26:58.246763+01:00,01HX2A9BSAZXFGN2DXABEKH32W,2024-05-04T18:26:58.246763+01:00,01HX2A9WZ182K0SX8NBWXDK8MC,2024-05-04T18:26:58.246763+01:00,01HX2AA044MZDE4B0B6RFQV869,2024-05-04T18:26:58.246763+01:00,01HX2AA04SYQMMMYYC43EJVPR2,2024-05-04T18:26:58.246763+01:00,true,2024-05-04T18:26:59.787652+01:00
01HX44QA19S4EHE021T6N2S2VX,01HX44N7QA09AAPSM86CP03CH4,2024-05-05T11:27:48.905701+01:00,01HX44N7QT05TWRYF3A5FZDEAS,2024-05-05T11:27:48.905701+01:00,01HX44NXTSD8FVQN1GX99S06DB,2024-05-05T11:27:48.905701+01:00,01HX44P7X9NTRH49B9VMY5KMGG,2024-05-05T11:27:48.905701+01:00,01HX44P7YD32G9D6SV77J8TB8X,2024-05-05T11:27:48.905701+01:00,,
01HX4CKYWRBJ705XFPAGAM6VTB,01HX4CJZN95KJTA31S4J4HZ0PE,2024-05-05T13:45:47.800967+01:00,01HX4CJZNNWSWX27P2WJPMC7YE,2024-05-05T13:45:47.800967+01:00,01HX4CKE858GAE98MVX166R2SM,2024-05-05T13:45:47.800967+01:00,01HX4CKP4R2TXJWSKA2JYY3F78,2024-05-05T13:45:47.800967+01:00,01HX4CKP5DNH18VPY0S4382BN0,2024-05-05T13:45:47.800967+01:00,,
01HX201CZHQA15TS5HYB7ME2EV,01HX1ZZX7WGMXFX6TAF91CRE86,2024-05-04T15:27:27.857944+01:00,01HX1ZZX8B6V8RSA91RYM9WVZ3,2024-05-04T15:27:27.857944+01:00,01HX2012STVTNM1M22T0GM811S,2024-05-04T15:27:27.857944+01:00,01HX2018C3KEHCNFN10SFRRF9E,2024-05-04T15:27:27.857944+01:00,01HX2018CDPCR38TJJ4CD7810M,2024-05-04T15:27:27.857944+01:00,true,2024-05-04T15:27:33.176376+01:00
01HX44QKVN13GNB8A9AVS10WP7,01HX44N7QA09AAPSM86CP03CH4,2024-05-05T11:27:58.965447+01:00,01HX44N7QT05TWRYF3A5FZDEAS,2024-05-05T11:27:58.965447+01:00,01HX44NZDE97GWSYN8FM2Z78S8,2024-05-05T11:27:58.965447+01:00,01HX44P7XA9CC5MCKE8YWFNDK3,2024-05-05T11:27:58.965447+01:00,01HX44P7YP7SJF52Z90HEB2DTF,2024-05-05T11:27:58.965447+01:00,true,2024-05-05T11:28:02.872205+01:00
01HX4G10AY8DWWYTTTKRTVHY9Z,01HX4FZY1X90CAB3Q3VVAGGWMZ,2024-05-05T14:45:20.990114+01:00,01HX4FZY2EM4NS8VN1QJWGTE2M,2024-05-05T14:45:20.990114+01:00,01HX4G08H27WTV73DTRM07M9SN,2024-05-05T14:45:20.990114+01:00,01HX4G0G2VY1Z4XG0HWCSS24GF,2024-05-05T14:45:20.990114+01:00,01HX4G0G3M0KGW1Z7FBNZD532F,2024-05-05T14:45:20.990114+01:00,,
01HX4G11BSR8QK09Z63SJBM8J1,01HX4FZY1X90CAB3Q3VVAGGWMZ,2024-05-05T14:45:22.041938+01:00,01HX4FZY2EM4NS8VN1QJWGTE2M,2024-05-05T14:45:22.041938+01:00,01HX4G0770PSA0XPZ8BVM1M1G3,2024-05-05T14:45:22.041938+01:00,01HX4G0G2WWZSZZVJREG7D5NW6,2024-05-05T14:45:22.041938+01:00,01HX4G0G3VETK9MR6ZP3HS3MNA,2024-05-05T14:45:22.041938+01:00,true,2024-05-05T14:45:23.033116+01:00
01HX2AH44YA1YAY7R04XCWXF6V,01HX2AGH3A5HMME7XP3QHYYM3V,2024-05-04T18:30:48.862564+01:00,01HX2AGH3NZAA6FKFCX5A4KJCE,2024-05-04T18:30:48.862564+01:00,01HX2AGVYXGS1C1Q7FJ32K7GC8,2024-05-04T18:30:48.862564+01:00,01HX2AGYPFD9B6GYB7RESCRMBM,2024-05-04T18:30:48.862564+01:00,01HX2AGYR0B55R0FPXPMVHZ89Z,2024-05-04T18:30:48.862564+01:00,true,2024-05-04T18:30:49.414725+01:00
01HX448CMCT7GVRFJZ04TNTERN,01HX446MKVJGJWX5QSBG0KCCBW,2024-05-05T11:19:40.044239+01:00,01HX446MMBFSN73P919AVGP9V6,2024-05-05T11:19:40.044239+01:00,01HX447CMN1V2XP1MXCZT2JG5K,2024-05-05T11:19:40.044239+01:00,01HX447M4ATJFZMC9N096D5NGD,2024-05-05T11:19:40.044239+01:00,01HX447M5QBZZT8EZ26G2VFT2C,2024-05-05T11:19:40.044239+01:00,true,2024-05-05T11:19:41.754897+01:00
01HX44XXA19GA0A49T6B92AXWH,01HX44WX8RR73JN18XRYGYGKZ6,2024-05-05T11:31:25.249714+01:00,01HX44WX97JHV2G0GCTP7X2MCB,2024-05-05T11:31:25.249714+01:00,01HX44XCPCQJF741FAQPFQ0PFD,2024-05-05T11:31:25.249714+01:00,01HX44XJ9Y414N2E3XGFWRMP0F,2024-05-05T11:31:25.249714+01:00,01HX44XJAJQ8NCAPJDQYA1MQCP,2024-05-05T11:31:25.249714+01:00,true,2024-05-05T11:31:28.123676+01:00
01HX45FHY7FQN8S6EPGBXHW5G4,01HX45EH5ZPXXCE31NY9NVJJHE,2024-05-05T11:41:03.431137+01:00,01HX45EH6EACD2X3X27YPYQKPY,2024-05-05T11:41:03.431137+01:00,01HX45ERECF48CFD7TJDG4MTAF,2024-05-05T11:41:03.431137+01:00,01HX45F3123VM9XFVSM4T6GVH8,2024-05-05T11:41:03.431137+01:00,01HX45F32S9HD55HGDG94F05B8,2024-05-05T11:41:03.431137+01:00,true,2024-05-05T11:41:04.319743+01:00
01HX2A4859Q67HJDST1AAJMNK9,01HX2A3XGH7D1YESX3PJ212J9R,2024-05-04T18:23:46.986016+01:00,01HX2A3XGXYMH5T0AEYA1STYAV,2024-05-04T18:23:46.986016+01:00,01HX2A45ECZMRTYPNMT7YK7QK6,2024-05-04T18:23:46.986016+01:00,01HX2A4833SX34RAS2KVC7WNZJ,2024-05-04T18:23:46.986016+01:00,01HX2A483BX4RXVKYCR7RVDRBE,2024-05-04T18:23:46.986016+01:00,true,2024-05-04T18:23:49.221944+01:00
01HX42SHFGXNQDMC9TNZYM24Q2,01HX42RYJBMDJF8TCTFP4ZG762,2024-05-05T10:54:04.912915+01:00,01HX42RYJYCKH5SRD15XTVHHQM,2024-05-05T10:54:04.912915+01:00,01HX42S832Q9PJEWT3DRCHP8S1,2024-05-05T10:54:04.912915+01:00,01HX42SB3WMN0NCGEREJRA6QJF,2024-05-05T10:54:04.912915+01:00,01HX42SB5JMH98G1SBYCSQWPKM,2024-05-05T10:54:04.912915+01:00,true,2024-05-05T10:54:05.41136+01:00
01HX45F86238V5271NFG8V10JS,01HX45EH5ZPXXCE31NY9NVJJHE,2024-05-05T11:40:53.442771+01:00,01HX45EH6EACD2X3X27YPYQKPY,2024-05-05T11:40:53.442771+01:00,01HX45EWNWC130W8AMWYP093DM,2024-05-05T11:40:53.442771+01:00,01HX45F31159FA74TPZPKW3JD9,2024-05-05T11:40:53.442771+01:00,01HX45F328DPRWB61T4X795A6E,2024-05-05T11:40:53.442771+01:00,true,2024-05-05T11:40:56.403007+01:00
01HX4G4MWQKCCCGJAVPENTXK2F,01HX4G1V1YYYM47WA3APANBFBT,2024-05-05T14:47:20.343201+01:00,01HX4G1V29J2SJ21SH1BB6EG5G,2024-05-05T14:47:20.343201+01:00,01HX4G3NRNEZBT0VHA0VBT073F,2024-05-05T14:47:20.343201+01:00,01HX4G40QGBBZCM3MD5KV5P39N,2024-05-05T14:47:20.343201+01:00,01HX4G40SBWFAE8BGZE2XGEZMY,2024-05-05T14:47:20.343201+01:00,,
01HX2A4Z32JV6Q5FYJYMQCJ5X4,01HX2A4N6ZEX7NFA2FK7PXEF3R,2024-05-04T18:24:10.466962+01:00,01HX2A4N79NCGFF8XAH83VXVN8,2024-05-04T18:24:10.466962+01:00,01HX2A4W0CDZTFT008X6F9NTCP,2024-05-04T18:24:10.466962+01:00,01HX2A4Z0ZSYTAB2Z4WBBMW8YP,2024-05-04T18:24:10.466962+01:00,01HX2A4Z17VG80CNNK34V9WBZ4,2024-05-04T18:24:10.466962+01:00,true,2024-05-04T18:24:16.552302+01:00
01HX45F6613PJTK1YH5K7FD8AH,01HX45EH5ZPXXCE31NY9NVJJHE,2024-05-05T11:40:51.39398+01:00,01HX45EH6EACD2X3X27YPYQKPY,2024-05-05T11:40:51.39398+01:00,01HX45ERECF48CFD7TJDG4MTAF,2024-05-05T11:40:51.39398+01:00,01HX45F310V3V1WXJ6Z9EVS056,2024-05-05T11:40:51.39398+01:00,01HX45F320C48YARWCBM3MMKAA,2024-05-05T11:40:51.39398+01:00,,
01HX4G4DB50BZXHWHK2ERBF2VH,01HX4G1V1YYYM47WA3APANBFBT,2024-05-05T14:47:12.613932+01:00,01HX4G1V29J2SJ21SH1BB6EG5G,2024-05-05T14:47:12.613932+01:00,01HX4G3SYWR22VRB2XC8EZ4WJ7,2024-05-05T14:47:12.613932+01:00,01HX4G40QGBBZCM3MD5DCPVX50,2024-05-05T14:47:12.613932+01:00,01HX4G40S1JGGCM5PMHC8ZPC27,2024-05-05T14:47:12.613932+01:00,true,2024-05-05T14:47:16.851359+01:00
01HX2AA6KH84G2FFZS3MTVZSK6,01HX2A9BRYE3Z172EEWYRPWF5E,2024-05-04T18:27:02.001855+01:00,01HX2A9BSAZXFGN2DXABEKH32W,2024-05-04T18:27:02.001855+01:00,01HX2A9WZ182K0SX8NBWXDK8MC,2024-05-04T18:27:02.001855+01:00,01HX2AA045GKKQWW25M0ASD57G,2024-05-04T18:27:02.001855+01:00,01HX2AA05EDDS91PKZXYY20TWE,2024-05-04T18:27:02.001855+01:00,true,2024-05-04T18:27:02.443919+01:00
01HX44YF2FZ8VJPF8XFH3P6P75,01HX44WX8RR73JN18XRYGYGKZ6,2024-05-05T11:31:43.43942+01:00,01HX44WX97JHV2G0GCTP7X2MCB,2024-05-05T11:31:43.43942+01:00,01HX44XB8CFYYZSRPZ3KM6WN9G,2024-05-05T11:31:43.43942+01:00,01HX44XJ9Y414N2E3XGYNJRESM,2024-05-05T11:31:43.43942+01:00,01HX44XJB8TAVMXF87PJHQFD86,2024-05-05T11:31:43.43942+01:00,true,2024-05-05T11:31:44.274738+01:00
01HX45B4BVGKA3FZ1BGM8CDNZS,01HX45AC0QQVMS1PCXN2225449,2024-05-05T11:38:38.459543+01:00,01HX45AC1893E9C76KDBEASN0R,2024-05-05T11:38:38.459543+01:00,01HX45APPEY0ADJ3XXY6XRXR9P,2024-05-05T11:38:38.459543+01:00,01HX45B457588G8Y5M0PGY0BVR,2024-05-05T11:38:38.459543+01:00,01HX45B45PFFVT312D472ZN6W5,2024-05-05T11:38:38.459543+01:00,true,2024-05-05T11:38:42.138519+01:00
01HX4G0T46JB9H3YX5S97CBYTA,01HX4FZY1X90CAB3Q3VVAGGWMZ,2024-05-05T14:45:14.630221+01:00,01HX4FZY2EM4NS8VN1QJWGTE2M,2024-05-05T14:45:14.630221+01:00,01HX4G08H27WTV73DTRM07M9SN,2024-05-05T14:45:14.630221+01:00,01HX4G0G2T55ZNAP9Z0F4RH3M0,2024-05-05T14:45:14.630221+01:00,01HX4G0G3B6XPE9G7HRJYZ3JX8,2024-05-05T14:45:14.630221+01:00,,
01HX4G44J2T2EGPM123EV93TH3,01HX4G1V1YYYM47WA3APANBFBT,2024-05-05T14:47:03.619051+01:00,01HX4G1V29J2SJ21SH1BB6EG5G,2024-05-05T14:47:03.619051+01:00,01HX4G3NRNEZBT0VHA0VBT073F,2024-05-05T14:47:03.619051+01:00,01HX4G40QE8N55XAER5A04REAC,2024-05-05T14:47:03.619051+01:00,01HX4G40QYGRNPKV9706A8X6RG,2024-05-05T14:47:03.619051+01:00,,
01HX4CKT9G3HR1YNKEC4N5EMJT,01HX4CJZN95KJTA31S4J4HZ0PE,2024-05-05T13:45:43.088111+01:00,01HX4CJZNNWSWX27P2WJPMC7YE,2024-05-05T13:45:43.088111+01:00,01HX4CKE858GAE98MVX166R2SM,2024-05-05T13:45:43.088111+01:00,01HX4CKP4QYR5VEATES027CKQE,2024-05-05T13:45:43.088111+01:00,01HX4CKP558KSBG1QJ6YX5CGWC,2024-05-05T13:45:43.088111+01:00,,
01HX4G0GAK7JA5XBCBP5TSW3SE,01HX4FZY1X90CAB3Q3VVAGGWMZ,2024-05-05T14:45:04.595208+01:00,01HX4FZY2EM4NS8VN1QJWGTE2M,2024-05-05T14:45:04.595208+01:00,01HX4G08H27WTV73DTRM07M9SN,2024-05-05T14:45:04.595208+01:00,01HX4G0G2T55ZNAP9Z0F4RH3M0,2024-05-05T14:45:04.595208+01:00,01HX4G0G3AWTDSA6F5NB12YV6J,2024-05-05T14:45:04.595208+01:00,,
01HX42SGYRKVDGTXR63GMDZ88B,01HX42RYJBMDJF8TCTFP4ZG762,2024-05-05T10:54:04.376299+01:00,01HX42RYJYCKH5SRD15XTVHHQM,2024-05-05T10:54:04.376299+01:00,01HX42S832Q9PJEWT3DRCHP8S1,2024-05-05T10:54:04.376299+01:00,01HX42SB3V504891NBY9JHQYM8,2024-05-05T10:54:04.376299+01:00,01HX42SB5D1EVYFBWYJRHM0WT3,2024-05-05T10:54:04.376299+01:00,true,2024-05-05T10:54:04.88738+01:00
01HX44PWZG7R3GJ17RC39M2GH0,01HX44N7QA09AAPSM86CP03CH4,2024-05-05T11:27:35.536851+01:00,01HX44N7QT05TWRYF3A5FZDEAS,2024-05-05T11:27:35.536851+01:00,01HX44NXTSD8FVQN1GX99S06DB,2024-05-05T11:27:35.536851+01:00,01HX44P7X9NTRH49B9V2TNSY21,2024-05-05T11:27:35.536851+01:00,01HX44P7Y4PXW9D368971H8M6D,2024-05-05T11:27:35.536851+01:00,,
01HX44Y04N6ZW25Y0GF4BWDQMF,01HX44WX8RR73JN18XRYGYGKZ6,2024-05-05T11:31:28.149628+01:00,01HX44WX97JHV2G0GCTP7X2MCB,2024-05-05T11:31:28.149628+01:00,01HX44XCPCQJF741FAQPFQ0PFD,2024-05-05T11:31:28.149628+01:00,01HX44XJ9Y414N2E3XGFWRMP0F,2024-05-05T11:31:28.149628+01:00,01HX44XJAJQ8NCAPJDRNH1RPMH,2024-05-05T11:31:28.149628+01:00,true,2024-05-05T11:31:29.620886+01:00
01HX45C2F62MAWVADHVSSH6NHE,01HX45AC0QQVMS1PCXN2225449,2024-05-05T11:39:09.286682+01:00,01HX45AC1893E9C76KDBEASN0R,2024-05-05T11:39:09.286682+01:00,01HX45AWWYHMJNGXWAXT16N2J7,2024-05-05T11:39:09.286682+01:00,01HX45B45A5295WT4EB9S6N9SQ,2024-05-05T11:39:09.286682+01:00,01HX45B46GSH8N78PPJSBJPR9E,2024-05-05T11:39:09.286682+01:00,true,2024-05-05T11:39:10.495532+01:00
01HX46SMPVAJSEHJ9CYTZ4MPTF,01HX46R6J0CPVE2XPVDHGKQFXT,2024-05-05T12:04:02.523211+01:00,01HX46R6JEQYB8J3H54JPVRE70,2024-05-05T12:04:02.523211+01:00,01HX46RHYYQ7XTNYK3Q3GX0EBV,2024-05-05T12:04:02.523211+01:00,01HX46RX33EPYFTQDWRK81GM14,2024-05-05T12:04:02.523211+01:00,01HX46RX4EB02G8PVGG75416K5,2024-05-05T12:04:02.523211+01:00,true,2024-05-05T12:04:06.024908+01:00
01HX2AH0H5VZAJP3418VD01Z5W,01HX2AGH3A5HMME7XP3QHYYM3V,2024-05-04T18:30:45.15772+01:00,01HX2AGH3NZAA6FKFCX5A4KJCE,2024-05-04T18:30:45.15772+01:00,01HX2AGVYXGS1C1Q7FJ32K7GC8,2024-05-04T18:30:45.15772+01:00,01HX2AGYPCCP1GBD44ZZ36RNE0,2024-05-04T18:30:45.15772+01:00,01HX2AGYQ28BMXYCGJF37WAWNY,2024-05-04T18:30:45.15772+01:00,true,2024-05-04T18:30:46.332449+01:00
01HX4CKPB6D16ZFHSGJSTFDJ9F,01HX4CJZN95KJTA31S4J4HZ0PE,2024-05-05T13:45:39.046251+01:00,01HX4CJZNNWSWX27P2WJPMC7YE,2024-05-05T13:45:39.046251+01:00,01HX4CKE858GAE98MVX166R2SM,2024-05-05T13:45:39.046251+01:00,01HX4CKP4QYR5VEATES027CKQE,2024-05-05T13:45:39.046251+01:00,01HX4CKP54PG5MP9VG9232SSC1,2024-05-05T13:45:39.046251+01:00,true,2024-05-05T13:45:43.071439+01:00
01HX448HZ5YVN5H8MWBTSJ81XA,01HX446MKVJGJWX5QSBG0KCCBW,2024-05-05T11:19:45.509857+01:00,01HX446MMBFSN73P919AVGP9V6,2024-05-05T11:19:45.509857+01:00,01HX447CMN1V2XP1MXCZT2JG5K,2024-05-05T11:19:45.509857+01:00,01HX447M4ATJFZMC9MZRDWTJX6,2024-05-05T11:19:45.509857+01:00,01HX447M6161N4B4F52DPV9SFG,2024-05-05T11:19:45.509857+01:00,true,2024-05-05T11:19:46.801957+01:00
01HX42SE25VQ4HRXATP8358EQY,01HX42RYJBMDJF8TCTFP4ZG762,2024-05-05T10:54:01.413382+01:00,01HX42RYJYCKH5SRD15XTVHHQM,2024-05-05T10:54:01.413382+01:00,01HX42S832Q9PJEWT3DRCHP8S1,2024-05-05T10:54:01.413382+01:00,01HX42SB3Q9A4EGZ1DY45BD80F,2024-05-05T10:54:01.413382+01:00,01HX42SB4GYCR57EA9T3TTYBJC,2024-05-05T10:54:01.413382+01:00,true,2024-05-05T10:54:02.04111+01:00
01HX448166WKSHQHG51SKEMGYQ,01HX446MKVJGJWX5QSBG0KCCBW,2024-05-05T11:19:28.326602+01:00,01HX446MMBFSN73P919AVGP9V6,2024-05-05T11:19:28.326602+01:00,01HX447CMN1V2XP1MXCZT2JG5K,2024-05-05T11:19:28.326602+01:00,01HX447M49WNZZD5N0XRADDTB6,2024-05-05T11:19:28.326602+01:00,01HX447M53S1JQPSA4HF0QXB7V,2024-05-05T11:19:28.326602+01:00,true,2024-05-05T11:19:31.524469+01:00
01HX4G1A38WBRBJH6PYA7YEXN1,01HX4FZY1X90CAB3Q3VVAGGWMZ,2024-05-05T14:45:30.984962+01:00,01HX4FZY2EM4NS8VN1QJWGTE2M,2024-05-05T14:45:30.984962+01:00,01HX4G0770PSA0XPZ8BVM1M1G3,2024-05-05T14:45:30.984962+01:00,01HX4G0G2XAH5E6FD2A2QJ28SH,2024-05-05T14:45:30.984962+01:00,01HX4G0G4ZJ817W2MP0D5D1JF2,2024-05-05T14:45:30.984962+01:00,,
01HX4G4DB4CWJ9GPQR4MRRCN87,01HX4G1V1YYYM47WA3APANBFBT,2024-05-05T14:47:12.612945+01:00,01HX4G1V29J2SJ21SH1BB6EG5G,2024-05-05T14:47:12.612945+01:00,01HX4G3NRNEZBT0VHA0VBT073F,2024-05-05T14:47:12.612945+01:00,01HX4G40QGBBZCM3MD5DCPVX50,2024-05-05T14:47:12.612945+01:00,01HX4G40S1JGGCM5PMHC8ZPC27,2024-05-05T14:47:12.612945+01:00,true,2024-05-05T14:47:13.434928+01:00
01HX46RX9FK045196MGX2K3W6T,01HX46R6J0CPVE2XPVDHGKQFXT,2024-05-05T12:03:38.543058+01:00,01HX46R6JEQYB8J3H54JPVRE70,2024-05-05T12:03:38.543058+01:00,01HX46RHYYQ7XTNYK3Q3GX0EBV,2024-05-05T12:03:38.543058+01:00,01HX46RX30Y6QE2X2PWJCXEWEN,2024-05-05T12:03:38.543058+01:00,01HX46RX3EBE39YW1RW939K2Q2,2024-05-05T12:03:38.543058+01:00,true,2024-05-05T12:03:40.21032+01:00
01HX46SR4QWCEWWGQX7WSK62GZ,01HX46R6J0CPVE2XPVDHGKQFXT,2024-05-05T12:04:06.039321+01:00,01HX46R6JEQYB8J3H54JPVRE70,2024-05-05T12:04:06.039321+01:00,01HX46RHYYQ7XTNYK3Q3GX0EBV,2024-05-05T12:04:06.039321+01:00,01HX46RX33EPYFTQDWRK81GM14,2024-05-05T12:04:06.039321+01:00,01HX46RX4EB02G8PVGGP0WJMJ2,2024-05-05T12:04:06.039321+01:00,,
01HX4CMCX6X2ZNNW2P0GG1EKF1,01HX4CJZN95KJTA31S4J4HZ0PE,2024-05-05T13:46:02.150052+01:00,01HX4CJZNNWSWX27P2WJPMC7YE,2024-05-05T13:46:02.150052+01:00,01HX29TJFX7RTRNWMGPB6FZSW1,2024-05-05T13:46:02.150052+01:00,01HX4CKP4T76Z3JXZWKCGHTD7J,2024-05-05T13:46:02.150052+01:00,01HX4CKP64VTZ3SAWPWHS5ZA8S,2024-05-05T13:46:02.150052+01:00,,
01HX4G410HCNH1V6QFKGERZY6F,01HX4G1V1YYYM47WA3APANBFBT,2024-05-05T14:46:59.985248+01:00,01HX4G1V29J2SJ21SH1BB6EG5G,2024-05-05T14:46:59.985248+01:00,01HX4G3NRNEZBT0VHA0VBT073F,2024-05-05T14:46:59.985248+01:00,01HX4G40QE8N55XAER5A04REAC,2024-05-05T14:46:59.985248+01:00,01HX4G40QYGRNPKV96ZHA6RX6K,2024-05-05T14:46:59.985248+01:00,true,2024-05-05T14:47:01.75199+01:00
01HX4G482W6E19BATS7JJJ646F,01HX4G1V1YYYM47WA3APANBFBT,2024-05-05T14:47:07.228695+01:00,01HX4G1V29J2SJ21SH1BB6EG5G,2024-05-05T14:47:07.228695+01:00,01HX4G3NRNEZBT0VHA0VBT073F,2024-05-05T14:47:07.228695+01:00,01HX4G40QF6GTGRFZRK1YAEEJ4,2024-05-05T14:47:07.228695+01:00,01HX4G40RD7DSB5Q9KG8WGX9K9,2024-05-05T14:47:07.228695+01:00,,
01HX44P85NKKZ8NSQTGEWKXZD2,01HX44N7QA09AAPSM86CP03CH4,2024-05-05T11:27:14.229617+01:00,01HX44N7QT05TWRYF3A5FZDEAS,2024-05-05T11:27:14.229617+01:00,01HX44NZDE97GWSYN8FM2Z78S8,2024-05-05T11:27:14.229617+01:00,01HX44P7X7ZHRFJMRQEK83STNQ,2024-05-05T11:27:14.229617+01:00,01HX44P7XRTHT77XYBZ1BHRX3V,2024-05-05T11:27:14.229617+01:00,true,2024-05-05T11:27:17.757834+01:00
01HX44R5H9SCM29GQ4CHHTGMTK,01HX44N7QA09AAPSM86CP03CH4,2024-05-05T11:28:17.065774+01:00,01HX44N7QT05TWRYF3A5FZDEAS,2024-05-05T11:28:17.065774+01:00,01HX44NZDE97GWSYN8FM2Z78S8,2024-05-05T11:28:17.065774+01:00,01HX44P7XB27YVQ6WTNYG6K414,2024-05-05T11:28:17.065774+01:00,01HX44P7Z17TWVX2KZ5PEYRQXC,2024-05-05T11:28:17.065774+01:00,,
01HX45FPA0Y0J8CQSV5J8CNDA1,01HX45EH5ZPXXCE31NY9NVJJHE,2024-05-05T11:41:07.904987+01:00,01HX45EH6EACD2X3X27YPYQKPY,2024-05-05T11:41:07.904987+01:00,01HX45ERECF48CFD7TJDG4MTAF,2024-05-05T11:41:07.904987+01:00,01HX45F3123VM9XFVSKKEKNKR6,2024-05-05T11:41:07.904987+01:00,01HX45F331YPGD3WJFSK4F7A4K,2024-05-05T11:41:07.904987+01:00,true,2024-05-05T11:41:09.868037+01:00
01HX46S46917YXVC61VQ5K7R0Y,01HX46R6J0CPVE2XPVDHGKQFXT,2024-05-05T12:03:45.609192+01:00,01HX46R6JEQYB8J3H54JPVRE70,2024-05-05T12:03:45.609192+01:00,01HX46RPGNRCRHQ92BR8RKFPVW,2024-05-05T12:03:45.609192+01:00,01HX46RX31JPZB7FMJTJ4WRF9J,2024-05-05T12:03:45.609192+01:00,01HX46RX3P41PR9E5GTZ1J9AK0,2024-05-05T12:03:45.609192+01:00,true,2024-05-05T12:03:46.710246+01:00
01HX46SES9AKJT1SFXVZ9VNKND,01HX46R6J0CPVE2XPVDHGKQFXT,2024-05-05T12:03:56.457528+01:00,01HX46R6JEQYB8J3H54JPVRE70,2024-05-05T12:03:56.457528+01:00,01HX46RHYYQ7XTNYK3Q3GX0EBV,2024-05-05T12:03:56.457528+01:00,01HX46RX33EPYFTQDWRZYTZ65T,2024-05-05T12:03:56.457528+01:00,01HX46RX47Z0CAYXPQ9AR0K4KJ,2024-05-05T12:03:56.457528+01:00,true,2024-05-05T12:03:58.859682+01:00
01HX447YQYGPMZ5BDG84AFP7F9,01HX446MKVJGJWX5QSBG0KCCBW,2024-05-05T11:19:25.822355+01:00,01HX446MMBFSN73P919AVGP9V6,2024-05-05T11:19:25.822355+01:00,01HX447ASAE9FPNFATTN1VP4TE,2024-05-05T11:19:25.822355+01:00,01HX447M48GGQCXAHD5KFRYP1K,2024-05-05T11:19:25.822355+01:00,01HX447M4XD5BD22WDQF45701Z,2024-05-05T11:19:25.822355+01:00,true,2024-05-05T11:19:28.290003+01:00
01HX45FB3318KJ7NDGETPR1686,01HX45EH5ZPXXCE31NY9NVJJHE,2024-05-05T11:40:56.419984+01:00,01HX45EH6EACD2X3X27YPYQKPY,2024-05-05T11:40:56.419984+01:00,01HX45EWNWC130W8AMWYP093DM,2024-05-05T11:40:56.419984+01:00,01HX45F31159FA74TPZPKW3JD9,2024-05-05T11:40:56.419984+01:00,01HX45F328DPRWB61T5BRYTMRN,2024-05-05T11:40:56.419984+01:00,,
01HX46SCS45X5QAWDTSB3FGRJ2,01HX46R6J0CPVE2XPVDHGKQFXT,2024-05-05T12:03:54.404805+01:00,01HX46R6JEQYB8J3H54JPVRE70,2024-05-05T12:03:54.404805+01:00,01HX46RPGNRCRHQ92BR8RKFPVW,2024-05-05T12:03:54.404805+01:00,01HX46RX32XJJ60858J0G5FMX5,2024-05-05T12:03:54.404805+01:00,01HX46RX3ZYZ0KA0BDMXR1N21B,2024-05-05T12:03:54.404805+01:00,,
01HX4CMCX6X2ZNNW2P0VWBE1PZ,01HX4CJZN95KJTA31S4J4HZ0PE,2024-05-05T13:46:02.150496+01:00,01HX4CJZNNWSWX27P2WJPMC7YE,2024-05-05T13:46:02.150496+01:00,01HX4CKE858GAE98MVX166R2SM,2024-05-05T13:46:02.150496+01:00,01HX4CKP4T76Z3JXZWKCGHTD7J,2024-05-05T13:46:02.150496+01:00,01HX4CKP64VTZ3SAWPWHS5ZA8S,2024-05-05T13:46:02.150496+01:00,,
01HX4DWHC2R27MTY3NS1PMYDH2,01HX4DV59VK2YR0QV9CX3TKJ4T,2024-05-05T14:07:57.442371+01:00,01HX4DV5ABKRR7808MND32WE52,2024-05-05T14:07:57.442371+01:00,01HX4DVKJ6B5S3KRMVAA63JD3F,2024-05-05T14:07:57.442371+01:00,01HX4DVRXA0AK2MHW8H1VMW403,2024-05-05T14:07:57.442371+01:00,01HX4DVRYM15MJGVG1RW3VWJWK,2024-05-05T14:07:57.442371+01:00,,
01HX44XXA19GA0A49T640D0CP0,01HX44WX8RR73JN18XRYGYGKZ6,2024-05-05T11:31:25.249356+01:00,01HX44WX97JHV2G0GCTP7X2MCB,2024-05-05T11:31:25.249356+01:00,01HX44XB8CFYYZSRPZ3KM6WN9G,2024-05-05T11:31:25.249356+01:00,01HX44XJ9Y414N2E3XGFWRMP0F,2024-05-05T11:31:25.249356+01:00,01HX44XJAJQ8NCAPJDQYA1MQCP,2024-05-05T11:31:25.249356+01:00,true,2024-05-05T11:31:26.457209+01:00
01HX4CKPB5ZEAY1GTRXQE155MR,01HX4CJZN95KJTA31S4J4HZ0PE,2024-05-05T13:45:39.045857+01:00,01HX4CJZNNWSWX27P2WJPMC7YE,2024-05-05T13:45:39.045857+01:00,01HX29TJFX7RTRNWMGPB6FZSW1,2024-05-05T13:45:39.045857+01:00,01HX4CKP4QYR5VEATES027CKQE,2024-05-05T13:45:39.045857+01:00,01HX4CKP54PG5MP9VG9232SSC1,2024-05-05T13:45:39.045857+01:00,true,2024-05-05T13:45:41.661566+01:00
01HX4DVS3Q9ZMXSG50GGES1MKD,01HX4DV59VK2YR0QV9CX3TKJ4T,2024-05-05T14:07:32.599633+01:00,01HX4DV5ABKRR7808MND32WE52,2024-05-05T14:07:32.599633+01:00,01HX4DVHXQNZ7V4AJFJB4XK3PZ,2024-05-05T14:07:32.599633+01:00,01HX4DVRX8992DM83VGCMEWQBT,2024-05-05T14:07:32.599633+01:00,01HX4DVRXK8382883MXG20DHN3,2024-05-05T14:07:32.599633+01:00,,
01HX2A4ABM59QSCRKWD423QNQF,01HX2A3XGH7D1YESX3PJ212J9R,2024-05-04T18:23:49.23629+01:00,01HX2A3XGXYMH5T0AEYA1STYAV,2024-05-04T18:23:49.23629+01:00,01HX2A45ECZMRTYPNMT7YK7QK6,2024-05-04T18:23:49.23629+01:00,01HX2A4833SX34RAS2KVC7WNZJ,2024-05-04T18:23:49.23629+01:00,01HX2A483C7YZ0EWB853R1WET5,2024-05-04T18:23:49.23629+01:00,true,2024-05-04T18:23:50.779739+01:00
01HX2AH5WB9TAPBF6K0ZQF573M,01HX2AGH3A5HMME7XP3QHYYM3V,2024-05-04T18:30:50.635845+01:00,01HX2AGH3NZAA6FKFCX5A4KJCE,2024-05-04T18:30:50.635845+01:00,01HX2AGVYXGS1C1Q7FJ32K7GC8,2024-05-04T18:30:50.635845+01:00,01HX2AGYPGM5C0PT89EKYR3M8A,2024-05-04T18:30:50.635845+01:00,01HX2AGYRF74NY5Z5WR8KQ06GB,2024-05-04T18:30:50.635845+01:00,true,2024-05-04T18:30:51.243244+01:00
01HX4489WEDXTE57XDXSPXMC3A,01HX446MKVJGJWX5QSBG0KCCBW,2024-05-05T11:19:37.230071+01:00,01HX446MMBFSN73P919AVGP9V6,2024-05-05T11:19:37.230071+01:00,01HX447CMN1V2XP1MXCZT2JG5K,2024-05-05T11:19:37.230071+01:00,01HX447M4ATJFZMC9MZ6WRZ4HF,2024-05-05T11:19:37.230071+01:00,01HX447M5J9B2VX1QJ8HEEXM87,2024-05-05T11:19:37.230071+01:00,true,2024-05-05T11:19:38.139386+01:00
01HX44PRMZSCZ3EG0YQPQNRHBJ,01HX44N7QA09AAPSM86CP03CH4,2024-05-05T11:27:31.103646+01:00,01HX44N7QT05TWRYF3A5FZDEAS,2024-05-05T11:27:31.103646+01:00,01HX44NZDE97GWSYN8FM2Z78S8,2024-05-05T11:27:31.103646+01:00,01HX44P7X9NTRH49B9V2TNSY21,2024-05-05T11:27:31.103646+01:00,01HX44P7Y4PXW9D3688QEKHD5C,2024-05-05T11:27:31.103646+01:00,true,2024-05-05T11:27:35.513207+01:00
01HX46S7N6YWDEW39QM67KTG0N,01HX46R6J0CPVE2XPVDHGKQFXT,2024-05-05T12:03:49.158829+01:00,01HX46R6JEQYB8J3H54JPVRE70,2024-05-05T12:03:49.158829+01:00,01HX46RHYYQ7XTNYK3Q3GX0EBV,2024-05-05T12:03:49.158829+01:00,01HX46RX31JPZB7FMJTJ4WRF9J,2024-05-05T12:03:49.158829+01:00,01HX46RX3QVM89F5XJECTNWBVX,2024-05-05T12:03:49.158829+01:00,,
01HX2AH3QTAG9D669SE63CS2Q4,01HX2AGH3A5HMME7XP3QHYYM3V,2024-05-04T18:30:48.442312+01:00,01HX2AGH3NZAA6FKFCX5A4KJCE,2024-05-04T18:30:48.442312+01:00,01HX2AGVYXGS1C1Q7FJ32K7GC8,2024-05-04T18:30:48.442312+01:00,01HX2AGYPFD9B6GYB7SWP19PB3,2024-05-04T18:30:48.442312+01:00,01HX2AGYQVNCRYKHPZHGJKJ9BY,2024-05-04T18:30:48.442312+01:00,true,2024-05-04T18:30:48.835328+01:00
01HX45BYWF35E33GMPP8R3FV66,01HX45AC0QQVMS1PCXN2225449,2024-05-05T11:39:05.615107+01:00,01HX45AC1893E9C76KDBEASN0R,2024-05-05T11:39:05.615107+01:00,01HX45APPEY0ADJ3XXY6XRXR9P,2024-05-05T11:39:05.615107+01:00,01HX45B45A5295WT4EB9S6N9SQ,2024-05-05T11:39:05.615107+01:00,01HX45B46GSH8N78PPJ82EKCKD,2024-05-05T11:39:05.615107+01:00,true,2024-05-05T11:39:06.754076+01:00
01HX46S7N7Y47A4PDSE32FE9V3,01HX46R6J0CPVE2XPVDHGKQFXT,2024-05-05T12:03:49.159715+01:00,01HX46R6JEQYB8J3H54JPVRE70,2024-05-05T12:03:49.159715+01:00,01HX46RPGNRCRHQ92BR8RKFPVW,2024-05-05T12:03:49.159715+01:00,01HX46RX31JPZB7FMJTJ4WRF9J,2024-05-05T12:03:49.159715+01:00,01HX46RX3QVM89F5XJECTNWBVX,2024-05-05T12:03:49.159715+01:00,,
01HX4DWDYWNXYAVSH0NDDQMD8P,01HX4DV59VK2YR0QV9CX3TKJ4T,2024-05-05T14:07:53.948736+01:00,01HX4DV5ABKRR7808MND32WE52,2024-05-05T14:07:53.948736+01:00,01HX4DVHXQNZ7V4AJFJB4XK3PZ,2024-05-05T14:07:53.948736+01:00,01HX4DVRXA0AK2MHW8HHEWBRYC,2024-05-05T14:07:53.948736+01:00,01HX4DVRYDZ4N1BXDXM2NBC2CC,2024-05-05T14:07:53.948736+01:00,,
01HX1VS33DZYHJ41R2WMT5WB6F,01HX1VQEAMSM5S35NVWA3W4FJZ,2024-05-04T14:13:01.293412+01:00,01HX1VQEB5817FFX0P0P5520ZB,2024-05-04T14:13:01.293412+01:00,01HX1VRYRK7BSN1F31YY23ZZ4B,2024-05-04T14:13:01.293412+01:00,01HX1VS314410XXWAFA7HG91DS,2024-05-04T14:13:01.293412+01:00,01HX1VS31DGMKMTQ6N332AWKH0,2024-05-04T14:13:01.293412+01:00,true,2024-05-04T14:13:10.000261+01:00
01HX448HZ5YVN5H8MWBGYSDEZT,01HX446MKVJGJWX5QSBG0KCCBW,2024-05-05T11:19:45.509532+01:00,01HX446MMBFSN73P919AVGP9V6,2024-05-05T11:19:45.509532+01:00,01HX447ASAE9FPNFATTN1VP4TE,2024-05-05T11:19:45.509532+01:00,01HX447M4ATJFZMC9MZRDWTJX6,2024-05-05T11:19:45.509532+01:00,01HX447M6161N4B4F52DPV9SFG,2024-05-05T11:19:45.509532+01:00,true,2024-05-05T11:19:47.96659+01:00
01HX44Y9FYXTNYYZFGCPWM4QW3,01HX44WX8RR73JN18XRYGYGKZ6,2024-05-05T11:31:37.726849+01:00,01HX44WX97JHV2G0GCTP7X2MCB,2024-05-05T11:31:37.726849+01:00,01HX44XCPCQJF741FAQPFQ0PFD,2024-05-05T11:31:37.726849+01:00,01HX44XJ9Z0819KGE1CQKRT515,2024-05-05T11:31:37.726849+01:00,01HX44XJB02V5RW2HMRX2APD8S,2024-05-05T11:31:37.726849+01:00,true,2024-05-05T11:31:40.891385+01:00
01HX45BMJ8HH50PQB5CD4TMGP0,01HX45AC0QQVMS1PCXN2225449,2024-05-05T11:38:55.04853+01:00,01HX45AC1893E9C76KDBEASN0R,2024-05-05T11:38:55.04853+01:00,01HX45APPEY0ADJ3XXY6XRXR9P,2024-05-05T11:38:55.04853+01:00,01HX45B458NKYG4880CJZBSE1R,2024-05-05T11:38:55.04853+01:00,01HX45B468G6XW3GDP51XTDH4H,2024-05-05T11:38:55.04853+01:00,true,2024-05-05T11:38:57.761775+01:00
01HX4G4C99AW70X59DF64JC0W2,01HX4G1V1YYYM47WA3APANBFBT,2024-05-05T14:47:11.530089+01:00,01HX4G1V29J2SJ21SH1BB6EG5G,2024-05-05T14:47:11.530089+01:00,01HX4G3NRNEZBT0VHA0VBT073F,2024-05-05T14:47:11.530089+01:00,01HX4G40QF6GTGRFZRKJ72A4YX,2024-05-05T14:47:11.530089+01:00,01HX4G40RRPM36DE86MPG46DVB,2024-05-05T14:47:11.530089+01:00,,
01HX4487GVQPXFDNA9RXS8EVYD,01HX446MKVJGJWX5QSBG0KCCBW,2024-05-05T11:19:34.811625+01:00,01HX446MMBFSN73P919AVGP9V6,2024-05-05T11:19:34.811625+01:00,01HX447CMN1V2XP1MXCZT2JG5K,2024-05-05T11:19:34.811625+01:00,01HX447M49WNZZD5N0Y6E61HTP,2024-05-05T11:19:34.811625+01:00,01HX447M5DX1WGZQSRVE29HT5B,2024-05-05T11:19:34.811625+01:00,true,2024-05-05T11:19:37.187598+01:00
01HX44Y04M2YX3DWNMWKETPTTN,01HX44WX8RR73JN18XRYGYGKZ6,2024-05-05T11:31:28.14903+01:00,01HX44WX97JHV2G0GCTP7X2MCB,2024-05-05T11:31:28.14903+01:00,01HX44XB8CFYYZSRPZ3KM6WN9G,2024-05-05T11:31:28.14903+01:00,01HX44XJ9Y414N2E3XGFWRMP0F,2024-05-05T11:31:28.14903+01:00,01HX44XJAJQ8NCAPJDRNH1RPMH,2024-05-05T11:31:28.14903+01:00,true,2024-05-05T11:31:31.587152+01:00
01HX45BC9AF74YKFV8BW9WQKPN,01HX45AC0QQVMS1PCXN2225449,2024-05-05T11:38:46.57066+01:00,01HX45AC1893E9C76KDBEASN0R,2024-05-05T11:38:46.57066+01:00,01HX45AWWYHMJNGXWAXT16N2J7,2024-05-05T11:38:46.57066+01:00,01HX45B459Q64JRGBNCEH6ZWPN,2024-05-05T11:38:46.57066+01:00,01HX45B45Z48858VFMTDTH6TGW,2024-05-05T11:38:46.57066+01:00,true,2024-05-05T11:38:47.789392+01:00
01HX4G410HCNH1V6QFKSPP4KC7,01HX4G1V1YYYM47WA3APANBFBT,2024-05-05T14:46:59.985896+01:00,01HX4G1V29J2SJ21SH1BB6EG5G,2024-05-05T14:46:59.985896+01:00,01HX4G3SYWR22VRB2XC8EZ4WJ7,2024-05-05T14:46:59.985896+01:00,01HX4G40QE8N55XAER5A04REAC,2024-05-05T14:46:59.985896+01:00,01HX4G40QYGRNPKV96ZHA6RX6K,2024-05-05T14:46:59.985896+01:00,true,2024-05-05T14:47:03.586512+01:00
01HX4G44J7PFFSR03KZZQYDTRA,01HX4G1V1YYYM47WA3APANBFBT,2024-05-05T14:47:03.62353+01:00,01HX4G1V29J2SJ21SH1BB6EG5G,2024-05-05T14:47:03.62353+01:00,01HX4G3SYWR22VRB2XC8EZ4WJ7,2024-05-05T14:47:03.62353+01:00,01HX4G40QE8N55XAER5A04REAC,2024-05-05T14:47:03.62353+01:00,01HX4G40QYGRNPKV9706A8X6RG,2024-05-05T14:47:03.62353+01:00,,
01HX44PWZJZ8DJVBDA687213YE,01HX44N7QA09AAPSM86CP03CH4,2024-05-05T11:27:35.538438+01:00,01HX44N7QT05TWRYF3A5FZDEAS,2024-05-05T11:27:35.538438+01:00,01HX44NZDE97GWSYN8FM2Z78S8,2024-05-05T11:27:35.538438+01:00,01HX44P7X9NTRH49B9V2TNSY21,2024-05-05T11:27:35.538438+01:00,01HX44P7Y4PXW9D368971H8M6D,2024-05-05T11:27:35.538438+01:00,,
01HX44YF2EPJ2DTWJ179F6HR0N,01HX44WX8RR73JN18XRYGYGKZ6,2024-05-05T11:31:43.439007+01:00,01HX44WX97JHV2G0GCTP7X2MCB,2024-05-05T11:31:43.439007+01:00,01HX44XCPCQJF741FAQPFQ0PFD,2024-05-05T11:31:43.439007+01:00,01HX44XJ9Y414N2E3XGYNJRESM,2024-05-05T11:31:43.439007+01:00,01HX44XJB8TAVMXF87PJHQFD86,2024-05-05T11:31:43.439007+01:00,true,2024-05-05T11:31:45.458561+01:00
01HX45FPA11R8R241VAHW2BFQ5,01HX45EH5ZPXXCE31NY9NVJJHE,2024-05-05T11:41:07.905443+01:00,01HX45EH6EACD2X3X27YPYQKPY,2024-05-05T11:41:07.905443+01:00,01HX45EWNWC130W8AMWYP093DM,2024-05-05T11:41:07.905443+01:00,01HX45F3123VM9XFVSKKEKNKR6,2024-05-05T11:41:07.905443+01:00,01HX45F331YPGD3WJFSK4F7A4K,2024-05-05T11:41:07.905443+01:00,true,2024-05-05T11:41:11.953835+01:00
01HX44Y6HTAK7Y5GBFMSW5D0FH,01HX44WX8RR73JN18XRYGYGKZ6,2024-05-05T11:31:34.714751+01:00,01HX44WX97JHV2G0GCTP7X2MCB,2024-05-05T11:31:34.714751+01:00,01HX44XB8CFYYZSRPZ3KM6WN9G,2024-05-05T11:31:34.714751+01:00,01HX44XJ9Y414N2E3XG0XVQA89,2024-05-05T11:31:34.714751+01:00,01HX44XJATMYSAMR0BZE792CDG,2024-05-05T11:31:34.714751+01:00,true,2024-05-05T11:31:37.67781+01:00
01HX1V9WYT6QQPSK2GV77W2QBP,01HX1T45TVHE4MAEXX694T64SM,2024-05-04T14:04:43.482151+01:00,01HX1T45VEMA5YR5ECD1GY8JSM,2024-05-04T14:04:43.482151+01:00,01HX1TB7V7PK12VM4MS9CQXEFS,2024-05-04T14:04:43.482151+01:00,01HX1TBC7NDJR0HP51YFEV35DY,2024-05-04T14:04:43.482151+01:00,01HX1TBC7YTWRN2AQXJTSRJ99T,2024-05-04T14:04:43.482151+01:00,,
01HX2A551S54GSYE12X7MT8ZP2,01HX2A4N6ZEX7NFA2FK7PXEF3R,2024-05-04T18:24:16.569756+01:00,01HX2A4N79NCGFF8XAH83VXVN8,2024-05-04T18:24:16.569756+01:00,01HX2A4W0CDZTFT008X6F9NTCP,2024-05-04T18:24:16.569756+01:00,01HX2A4Z0ZSYTAB2Z4WBBMW8YP,2024-05-04T18:24:16.569756+01:00,01HX2A4Z17VG80CNNK3S2EV8ER,2024-05-04T18:24:16.569756+01:00,true,2024-05-04T18:24:21.928264+01:00
01HX447MC5872FBCDF3K6JF06K,01HX446MKVJGJWX5QSBG0KCCBW,2024-05-05T11:19:15.205032+01:00,01HX446MMBFSN73P919AVGP9V6,2024-05-05T11:19:15.205032+01:00,01HX447CMN1V2XP1MXCZT2JG5K,2024-05-05T11:19:15.205032+01:00,01HX447M45DGC2554D42AX0YZC,2024-05-05T11:19:15.205032+01:00,01HX447M4NPG64GEN1459Y0A8H,2024-05-05T11:19:15.205032+01:00,true,2024-05-05T11:19:25.780009+01:00
01HX44Q6SWE10ZNKR6S58NSX3Y,01HX44N7QA09AAPSM86CP03CH4,2024-05-05T11:27:45.596381+01:00,01HX44N7QT05TWRYF3A5FZDEAS,2024-05-05T11:27:45.596381+01:00,01HX44NXTSD8FVQN1GX99S06DB,2024-05-05T11:27:45.596381+01:00,01HX44P7X9NTRH49B9VMY5KMGG,2024-05-05T11:27:45.596381+01:00,01HX44P7YD32G9D6SV69VS72H7,2024-05-05T11:27:45.596381+01:00,true,2024-05-05T11:27:48.88009+01:00
01HX44Y3HBX346F6PPZHF0TPHB,01HX44WX8RR73JN18XRYGYGKZ6,2024-05-05T11:31:31.628008+01:00,01HX44WX97JHV2G0GCTP7X2MCB,2024-05-05T11:31:31.628008+01:00,01HX44XB8CFYYZSRPZ3KM6WN9G,2024-05-05T11:31:31.628008+01:00,01HX44XJ9Y414N2E3XG0XVQA89,2024-05-05T11:31:31.628008+01:00,01HX44XJASVESWQ6MT4EVFS45V,2024-05-05T11:31:31.628008+01:00,true,2024-05-05T11:31:32.941304+01:00
01HX44PETTS3JTGKV8GPR03RMR,01HX44N7QA09AAPSM86CP03CH4,2024-05-05T11:27:21.050401+01:00,01HX44N7QT05TWRYF3A5FZDEAS,2024-05-05T11:27:21.050401+01:00,01HX44NZDE97GWSYN8FM2Z78S8,2024-05-05T11:27:21.050401+01:00,01HX44P7X7ZHRFJMRQEK83STNQ,2024-05-05T11:27:21.050401+01:00,01HX44P7XRTHT77XYBZTWD4SH4,2024-05-05T11:27:21.050401+01:00,,
01HX44XRDVDJT9EWK81KT5B2GZ,01HX44WX8RR73JN18XRYGYGKZ6,2024-05-05T11:31:20.251986+01:00,01HX44WX97JHV2G0GCTP7X2MCB,2024-05-05T11:31:20.251986+01:00,01HX44XB8CFYYZSRPZ3KM6WN9G,2024-05-05T11:31:20.251986+01:00,01HX44XJ9V58SXS67DRC9TN5D8,2024-05-05T11:31:20.251986+01:00,01HX44XJAA1YVHW1G9PX1QRJVX,2024-05-05T11:31:20.251986+01:00,true,2024-05-05T11:31:25.204619+01:00
01HX45C76BFWX0AAACZVPKFXDN,01HX45AC0QQVMS1PCXN2225449,2024-05-05T11:39:14.123717+01:00,01HX45AC1893E9C76KDBEASN0R,2024-05-05T11:39:14.123717+01:00,01HX45AWWYHMJNGXWAXT16N2J7,2024-05-05T11:39:14.123717+01:00,01HX45B45DVPR3KVGAGDDG45JA,2024-05-05T11:39:14.123717+01:00,01HX45B46R31WTBZ7YXFZ4FZNP,2024-05-05T11:39:14.123717+01:00,true,2024-05-05T11:39:14.994925+01:00
01HX4489WDX5GEARA8AY5BE2V6,01HX446MKVJGJWX5QSBG0KCCBW,2024-05-05T11:19:37.229745+01:00,01HX446MMBFSN73P919AVGP9V6,2024-05-05T11:19:37.229745+01:00,01HX447ASAE9FPNFATTN1VP4TE,2024-05-05T11:19:37.229745+01:00,01HX447M4ATJFZMC9MZ6WRZ4HF,2024-05-05T11:19:37.229745+01:00,01HX447M5J9B2VX1QJ8HEEXM87,2024-05-05T11:19:37.229745+01:00,true,2024-05-05T11:19:40.001331+01:00
01HX4CKYWRBJ705XFPA4FNB8WX,01HX4CJZN95KJTA31S4J4HZ0PE,2024-05-05T13:45:47.800479+01:00,01HX4CJZNNWSWX27P2WJPMC7YE,2024-05-05T13:45:47.800479+01:00,01HX29TJFX7RTRNWMGPB6FZSW1,2024-05-05T13:45:47.800479+01:00,01HX4CKP4R2TXJWSKA2JYY3F78,2024-05-05T13:45:47.800479+01:00,01HX4CKP5DNH18VPY0S4382BN0,2024-05-05T13:45:47.800479+01:00,,
01HX2AA7KCZ8CJNPG5BCZKWPAC,01HX2A9BRYE3Z172EEWYRPWF5E,2024-05-04T18:27:03.02017+01:00,01HX2A9BSAZXFGN2DXABEKH32W,2024-05-04T18:27:03.02017+01:00,01HX2A9WZ182K0SX8NBWXDK8MC,2024-05-04T18:27:03.02017+01:00,01HX2AA04713ZZW2GQ93QDK755,2024-05-04T18:27:03.02017+01:00,01HX2AA05QXDCPNR2DGSQMHKAZ,2024-05-04T18:27:03.02017+01:00,true,2024-05-04T18:27:03.510733+01:00
01HX45F37X4XTFCTNSEPNEKJMS,01HX45EH5ZPXXCE31NY9NVJJHE,2024-05-05T11:40:48.381657+01:00,01HX45EH6EACD2X3X27YPYQKPY,2024-05-05T11:40:48.381657+01:00,01HX45EWNWC130W8AMWYP093DM,2024-05-05T11:40:48.381657+01:00,01HX45F310V3V1WXJ6Z9EVS056,2024-05-05T11:40:48.381657+01:00,01HX45F31EKXZVDYX6D6PJKDG9,2024-05-05T11:40:48.381657+01:00,true,2024-05-05T11:40:51.370687+01:00
01HX4DWC5W7EQHYEG6WS9AEPR4,01HX4DV59VK2YR0QV9CX3TKJ4T,2024-05-05T14:07:52.124979+01:00,01HX4DV5ABKRR7808MND32WE52,2024-05-05T14:07:52.124979+01:00,01HX4DVHXQNZ7V4AJFJB4XK3PZ,2024-05-05T14:07:52.124979+01:00,01HX4DVRXA0AK2MHW8HHEWBRYC,2024-05-05T14:07:52.124979+01:00,01HX4DVRYCZ2QYRJPFM7JCFVXK,2024-05-05T14:07:52.124979+01:00,true,2024-05-05T14:07:53.919871+01:00
01HX4DWHC1TTBQP4JC1SY8QYZK,01HX4DV59VK2YR0QV9CX3TKJ4T,2024-05-05T14:07:57.441561+01:00,01HX4DV5ABKRR7808MND32WE52,2024-05-05T14:07:57.441561+01:00,01HX4DVHXQNZ7V4AJFJB4XK3PZ,2024-05-05T14:07:57.441561+01:00,01HX4DVRXA0AK2MHW8H1VMW403,2024-05-05T14:07:57.441561+01:00,01HX4DVRYM15MJGVG1RW3VWJWK,2024-05-05T14:07:57.441561+01:00,,
01HX4G10AXFF1SZW1J8GYSMZXD,01HX4FZY1X90CAB3Q3VVAGGWMZ,2024-05-05T14:45:20.989606+01:00,01HX4FZY2EM4NS8VN1QJWGTE2M,2024-05-05T14:45:20.989606+01:00,01HX4G0770PSA0XPZ8BVM1M1G3,2024-05-05T14:45:20.989606+01:00,01HX4G0G2VY1Z4XG0HWCSS24GF,2024-05-05T14:45:20.989606+01:00,01HX4G0G3M0KGW1Z7FBNZD532F,2024-05-05T14:45:20.989606+01:00,,
01HX46S268DPFN1MZ5YQWCK9VG,01HX46R6J0CPVE2XPVDHGKQFXT,2024-05-05T12:03:43.560817+01:00,01HX46R6JEQYB8J3H54JPVRE70,2024-05-05T12:03:43.560817+01:00,01HX46RHYYQ7XTNYK3Q3GX0EBV,2024-05-05T12:03:43.560817+01:00,01HX46RX30Y6QE2X2PWJCXEWEN,2024-05-05T12:03:43.560817+01:00,01HX46RX3FNEPBQEHG72RBD433,2024-05-05T12:03:43.560817+01:00,,
01HX46S9NPX7SAHF3W0SRESAAY,01HX46R6J0CPVE2XPVDHGKQFXT,2024-05-05T12:03:51.222125+01:00,01HX46R6JEQYB8J3H54JPVRE70,2024-05-05T12:03:51.222125+01:00,01HX46RPGNRCRHQ92BR8RKFPVW,2024-05-05T12:03:51.222125+01:00,01HX46RX32XJJ60858J0G5FMX5,2024-05-05T12:03:51.222125+01:00,01HX46RX3ZYZ0KA0BDMBAE3VHK,2024-05-05T12:03:51.222125+01:00,true,2024-05-05T12:03:54.390373+01:00
01HX2AA61JD4ZSY7WQ283MHR7K,01HX2A9BRYE3Z172EEWYRPWF5E,2024-05-04T18:27:01.426674+01:00,01HX2A9BSAZXFGN2DXABEKH32W,2024-05-04T18:27:01.426674+01:00,01HX2A9WZ182K0SX8NBWXDK8MC,2024-05-04T18:27:01.426674+01:00,01HX2AA045GKKQWW25KP1K8M6J,2024-05-04T18:27:01.426674+01:00,01HX2AA059MFGHC53RZN7GX34T,2024-05-04T18:27:01.426674+01:00,true,2024-05-04T18:27:01.968463+01:00
01HX2AA72CY23BQKH66XPYPT3B,01HX2A9BRYE3Z172EEWYRPWF5E,2024-05-04T18:27:02.476535+01:00,01HX2A9BSAZXFGN2DXABEKH32W,2024-05-04T18:27:02.476535+01:00,01HX2A9WZ182K0SX8NBWXDK8MC,2024-05-04T18:27:02.476535+01:00,01HX2AA04713ZZW2GQ83KBRK85,2024-05-04T18:27:02.476535+01:00,01HX2AA05K3T6HX88WXHEQP6M3,2024-05-04T18:27:02.476535+01:00,true,2024-05-04T18:27:02.988345+01:00
01HX45BS5MQZKVEK58XR81611H,01HX45AC0QQVMS1PCXN2225449,2024-05-05T11:38:59.764417+01:00,01HX45AC1893E9C76KDBEASN0R,2024-05-05T11:38:59.764417+01:00,01HX45AWWYHMJNGXWAXT16N2J7,2024-05-05T11:38:59.764417+01:00,01HX45B458NKYG4880CJZBSE1R,2024-05-05T11:38:59.764417+01:00,01HX45B469XP5W8P92SMWAW2DY,2024-05-05T11:38:59.764417+01:00,true,2024-05-05T11:39:03.77644+01:00
01HX45F37X4XTFCTNSF7SFZVBS,01HX45EH5ZPXXCE31NY9NVJJHE,2024-05-05T11:40:48.381979+01:00,01HX45EH6EACD2X3X27YPYQKPY,2024-05-05T11:40:48.381979+01:00,01HX45ERECF48CFD7TJDG4MTAF,2024-05-05T11:40:48.381979+01:00,01HX45F310V3V1WXJ6Z9EVS056,2024-05-05T11:40:48.381979+01:00,01HX45F31EKXZVDYX6D6PJKDG9,2024-05-05T11:40:48.381979+01:00,true,2024-05-05T11:40:49.738089+01:00
01HX46S268DPFN1MZ5YBXFTPGF,01HX46R6J0CPVE2XPVDHGKQFXT,2024-05-05T12:03:43.560285+01:00,01HX46R6JEQYB8J3H54JPVRE70,2024-05-05T12:03:43.560285+01:00,01HX46RPGNRCRHQ92BR8RKFPVW,2024-05-05T12:03:43.560285+01:00,01HX46RX30Y6QE2X2PWJCXEWEN,2024-05-05T12:03:43.560285+01:00,01HX46RX3FNEPBQEHG72RBD433,2024-05-05T12:03:43.560285+01:00,,
01HX1TBC9WG0DW5GTNZNWW9RV4,01HX1T45TVHE4MAEXX694T64SM,2024-05-04T13:48:03.388625+01:00,01HX1T45VEMA5YR5ECD1GY8JSM,2024-05-04T13:48:03.388625+01:00,01HX1TB7V7PK12VM4MS9CQXEFS,2024-05-04T13:48:03.388625+01:00,01HX1TBC7NDJR0HP51YFEV35DY,2024-05-04T13:48:03.388625+01:00,01HX1TBC7YTWRN2AQXJ61VCW84,2024-05-04T13:48:03.388625+01:00,,
01HX2AA0BX9FZBJTRG8B2D5KAK,01HX2A9BRYE3Z172EEWYRPWF5E,2024-05-04T18:26:55.613814+01:00,01HX2A9BSAZXFGN2DXABEKH32W,2024-05-04T18:26:55.613814+01:00,01HX2A9WZ182K0SX8NBWXDK8MC,2024-05-04T18:26:55.613814+01:00,01HX2AA04357G2EB14HTJVXY2Y,2024-05-04T18:26:55.613814+01:00,01HX2AA04J7EANCNTFRNHH9EN3,2024-05-04T18:26:55.613814+01:00,true,2024-05-04T18:26:58.213346+01:00
01HX448CMCT7GVRFJZ0H61E7KT,01HX446MKVJGJWX5QSBG0KCCBW,2024-05-05T11:19:40.044549+01:00,01HX446MMBFSN73P919AVGP9V6,2024-05-05T11:19:40.044549+01:00,01HX447ASAE9FPNFATTN1VP4TE,2024-05-05T11:19:40.044549+01:00,01HX447M4ATJFZMC9N096D5NGD,2024-05-05T11:19:40.044549+01:00,01HX447M5QBZZT8EZ26G2VFT2C,2024-05-05T11:19:40.044549+01:00,true,2024-05-05T11:19:42.819496+01:00
01HX44Y9FYXTNYYZFGCAER5J4T,01HX44WX8RR73JN18XRYGYGKZ6,2024-05-05T11:31:37.726449+01:00,01HX44WX97JHV2G0GCTP7X2MCB,2024-05-05T11:31:37.726449+01:00,01HX44XB8CFYYZSRPZ3KM6WN9G,2024-05-05T11:31:37.726449+01:00,01HX44XJ9Z0819KGE1CQKRT515,2024-05-05T11:31:37.726449+01:00,01HX44XJB02V5RW2HMRX2APD8S,2024-05-05T11:31:37.726449+01:00,true,2024-05-05T11:31:39.040442+01:00
01HX4DW3Y1S5P3AWMFEJ9VE5PC,01HX4DV59VK2YR0QV9CX3TKJ4T,2024-05-05T14:07:43.681353+01:00,01HX4DV5ABKRR7808MND32WE52,2024-05-05T14:07:43.681353+01:00,01HX4DVKJ6B5S3KRMVAA63JD3F,2024-05-05T14:07:43.681353+01:00,01HX4DVRX94N9X2V1V7J930J5X,2024-05-05T14:07:43.681353+01:00,01HX4DVRXVCWJD01EB2KFBNM0C,2024-05-05T14:07:43.681353+01:00,true,2024-05-05T14:07:47.702107+01:00
01HX2AGYYECD0YH0HYTJZ5K7K1,01HX2AGH3A5HMME7XP3QHYYM3V,2024-05-04T18:30:43.534706+01:00,01HX2AGH3NZAA6FKFCX5A4KJCE,2024-05-04T18:30:43.534706+01:00,01HX2AGVYXGS1C1Q7FJ32K7GC8,2024-05-04T18:30:43.534706+01:00,01HX2AGYPB32MY93GMZ426AZ79,2024-05-04T18:30:43.534706+01:00,01HX2AGYPV4A0NFHV367P7M9CX,2024-05-04T18:30:43.534706+01:00,true,2024-05-04T18:30:45.117643+01:00
01HX42SBBSH550QBQ8RMPQDE7J,01HX42RYJBMDJF8TCTFP4ZG762,2024-05-05T10:53:58.649039+01:00,01HX42RYJYCKH5SRD15XTVHHQM,2024-05-05T10:53:58.649039+01:00,01HX42S832Q9PJEWT3DRCHP8S1,2024-05-05T10:53:58.649039+01:00,01HX42SB3Q9A4EGZ1DXRBX1DPT,2024-05-05T10:53:58.649039+01:00,01HX42SB49ZBV8WMMYE3GAWM45,2024-05-05T10:53:58.649039+01:00,true,2024-05-05T10:54:01.380846+01:00
01HX42SJDKQSGWC140F1RNXSZR,01HX42RYJBMDJF8TCTFP4ZG762,2024-05-05T10:54:05.875852+01:00,01HX42RYJYCKH5SRD15XTVHHQM,2024-05-05T10:54:05.875852+01:00,01HX42S832Q9PJEWT3DRCHP8S1,2024-05-05T10:54:05.875852+01:00,01HX42SB3WMN0NCGERFGZJRYNA,2024-05-05T10:54:05.875852+01:00,01HX42SB5W6S594RT81HYABEJG,2024-05-05T10:54:05.875852+01:00,true,2024-05-05T10:54:06.357718+01:00
01HX45F662KQTEGKJR7150ERMR,01HX45EH5ZPXXCE31NY9NVJJHE,2024-05-05T11:40:51.394396+01:00,01HX45EH6EACD2X3X27YPYQKPY,2024-05-05T11:40:51.394396+01:00,01HX45EWNWC130W8AMWYP093DM,2024-05-05T11:40:51.394396+01:00,01HX45F310V3V1WXJ6Z9EVS056,2024-05-05T11:40:51.394396+01:00,01HX45F320C48YARWCBM3MMKAA,2024-05-05T11:40:51.394396+01:00,,
01HX4DWB4Q1FY0J6NY6YEEGFJ3,01HX4DV59VK2YR0QV9CX3TKJ4T,2024-05-05T14:07:51.063758+01:00,01HX4DV5ABKRR7808MND32WE52,2024-05-05T14:07:51.063758+01:00,01HX4DVHXQNZ7V4AJFJB4XK3PZ,2024-05-05T14:07:51.063758+01:00,01HX4DVRX94N9X2V1V824VDKSW,2024-05-05T14:07:51.063758+01:00,01HX4DVRY4SQ1DHQMCE4HVFT35,2024-05-05T14:07:51.063758+01:00,,
01HX4G45M3D4J8V0FR430CBER2,01HX4G1V1YYYM47WA3APANBFBT,2024-05-05T14:47:04.707309+01:00,01HX4G1V29J2SJ21SH1BB6EG5G,2024-05-05T14:47:04.707309+01:00,01HX4G3SYWR22VRB2XC8EZ4WJ7,2024-05-05T14:47:04.707309+01:00,01HX4G40QF6GTGRFZRK1YAEEJ4,2024-05-05T14:47:04.707309+01:00,01HX4G40RCP00S7489TSHJSQQB,2024-05-05T14:47:04.707309+01:00,true,2024-05-05T14:47:05.668148+01:00
01HX4G4MWSZG8ZQ8VJ8HNRM94V,01HX4G1V1YYYM47WA3APANBFBT,2024-05-05T14:47:20.345128+01:00,01HX4G1V29J2SJ21SH1BB6EG5G,2024-05-05T14:47:20.345128+01:00,01HX4G3SYWR22VRB2XC8EZ4WJ7,2024-05-05T14:47:20.345128+01:00,01HX4G40QGBBZCM3MD5KV5P39N,2024-05-05T14:47:20.345128+01:00,01HX4G40SBWFAE8BGZE2XGEZMY,2024-05-05T14:47:20.345128+01:00,,
