id,batchID,batchIDLastChangedAt,decision,decisionLastChangedAt,gameID,gameIDLastChangedAt,guess,guessLastChangedAt,match,matchLastChangedAt,playerID,playerIDLastChangedAt,roundID,roundIDLastChangedAt,score,scoreLastChangedAt
01HX447MBP77VF0K147EZQ7QRB,01HX446MKVJGJWX5QSBG0KCCBW,2024-05-05T11:19:15.190386+01:00,accepted,2024-05-05T11:19:23.13629+01:00,01HX446MMBFSN73P919AVGP9V6,2024-05-05T11:19:15.190386+01:00,,,,,01HX447ASAE9FPNFATTN1VP4TE,2024-05-05T11:19:15.190386+01:00,01HX447M45DGC2554D42AX0YZC,2024-05-05T11:19:15.190386+01:00,,
01HX448CKQTE6VW2YJAAD5ZW3J,01HX446MKVJGJWX5QSBG0KCCBW,2024-05-05T11:19:40.023951+01:00,accepted,2024-05-05T11:19:42.819208+01:00,01HX446MMBFSN73P919AVGP9V6,2024-05-05T11:19:40.023951+01:00,,,,,01HX447ASAE9FPNFATTN1VP4TE,2024-05-05T11:19:40.023951+01:00,01HX447M4ATJFZMC9N096D5NGD,2024-05-05T11:19:40.023951+01:00,,
01HX448FBVN5WTEJYJPQB30A2B,01HX446MKVJGJWX5QSBG0KCCBW,2024-05-05T11:19:42.843159+01:00,accepted,2024-05-05T11:19:44.233005+01:00,01HX446MMBFSN73P919AVGP9V6,2024-05-05T11:19:42.843159+01:00,,,,,01HX447CMN1V2XP1MXCZT2JG5K,2024-05-05T11:19:42.843159+01:00,01HX447M49WNZZD5N0Z1KN68YP,2024-05-05T11:19:42.843159+01:00,,
01HX46S45TNSPYCCENZQB8PPM7,01HX46R6J0CPVE2XPVDHGKQFXT,2024-05-05T12:03:45.594761+01:00,accepted,2024-05-05T12:03:46.710614+01:00,01HX46R6JEQYB8J3H54JPVRE70,2024-05-05T12:03:45.594761+01:00,,,1,2024-05-05T12:03:51.186156+01:00,01HX46RPGNRCRHQ92BR8RKFPVW,2024-05-05T12:03:45.594761+01:00,01HX46RX31JPZB7FMJTJ4WRF9J,2024-05-05T12:03:45.594761+01:00,,
01HX46SMPD28BV4567ZV5DDDPP,01HX46R6J0CPVE2XPVDHGKQFXT,2024-05-05T12:04:02.509666+01:00,accepted,2024-05-05T12:04:06.024491+01:00,01HX46R6JEQYB8J3H54JPVRE70,2024-05-05T12:04:02.509666+01:00,,,1,2024-05-05T12:04:08.057522+01:00,01HX46RHYYQ7XTNYK3Q3GX0EBV,2024-05-05T12:04:02.509666+01:00,01HX46RX33EPYFTQDWRK81GM14,2024-05-05T12:04:02.509666+01:00,,
01HX2AH3QFSZBEEEZEDPJM36GW,01HX2AGH3A5HMME7XP3QHYYM3V,2024-05-04T18:30:48.431047+01:00,rejected,2024-05-04T18:30:48.835093+01:00,01HX2AGH3NZAA6FKFCX5A4KJCE,2024-05-04T18:30:48.431047+01:00,,,,,01HX2AGVYXGS1C1Q7FJ32K7GC8,2024-05-04T18:30:48.431047+01:00,01HX2AGYPFD9B6GYB7SWP19PB3,2024-05-04T18:30:48.431047+01:00,,
01HX2AH5W05ZDGZH5E5VBHGZSA,01HX2AGH3A5HMME7XP3QHYYM3V,2024-05-04T18:30:50.624077+01:00,accepted,2024-05-04T18:30:51.243+01:00,01HX2AGH3NZAA6FKFCX5A4KJCE,2024-05-04T18:30:50.624077+01:00,,,,,01HX2AGVYXGS1C1Q7FJ32K7GC8,2024-05-04T18:30:50.624077+01:00,01HX2AGYPGM5C0PT89EKYR3M8A,2024-05-04T18:30:50.624077+01:00,,
01HX42SE1SHMVT273A8PTYSY56,01HX42RYJBMDJF8TCTFP4ZG762,2024-05-05T10:54:01.401503+01:00,rejected,2024-05-05T10:54:02.040849+01:00,01HX42RYJYCKH5SRD15XTVHHQM,2024-05-05T10:54:01.401503+01:00,,,,,01HX42S832Q9PJEWT3DRCHP8S1,2024-05-05T10:54:01.401503+01:00,01HX42SB3Q9A4EGZ1DY45BD80F,2024-05-05T10:54:01.401503+01:00,,
01HX4G0V4RJ4R3CMA9VBJASCBJ,01HX4FZY1X90CAB3Q3VVAGGWMZ,2024-05-05T14:45:15.672966+01:00,accepted,2024-05-05T14:45:20.965959+01:00,01HX4FZY2EM4NS8VN1QJWGTE2M,2024-05-05T14:45:15.672966+01:00,,,0,2024-05-05T14:45:22.007855+01:00,01HX4G0770PSA0XPZ8BVM1M1G3,2024-05-05T14:45:15.672966+01:00,01HX4G0G2VY1Z4XG0HWCSS24GF,2024-05-05T14:45:15.672966+01:00,,
01HX45BMHQTFEKK6V29DNACXFC,01HX45AC0QQVMS1PCXN2225449,2024-05-05T11:38:55.031722+01:00,accepted,2024-05-05T11:38:59.743806+01:00,01HX45AC1893E9C76KDBEASN0R,2024-05-05T11:38:55.031722+01:00,,,,,01HX45AWWYHMJNGXWAXT16N2J7,2024-05-05T11:38:55.031722+01:00,01HX45B458NKYG4880CJZBSE1R,2024-05-05T11:38:55.031722+01:00,,
01HX45C4YVVK82KDNZTFE4JHMN,01HX45AC0QQVMS1PCXN2225449,2024-05-05T11:39:11.835219+01:00,accepted,2024-05-05T11:39:12.977893+01:00,01HX45AC1893E9C76KDBEASN0R,2024-05-05T11:39:11.835219+01:00,,,,,01HX45APPEY0ADJ3XXY6XRXR9P,2024-05-05T11:39:11.835219+01:00,01HX45B45DVPR3KVGAGDDG45JA,2024-05-05T11:39:11.835219+01:00,,
01HX45FHXT8DMN0P315PFJMFDJ,01HX45EH5ZPXXCE31NY9NVJJHE,2024-05-05T11:41:03.418511+01:00,rejected,2024-05-05T11:41:05.818605+01:00,01HX45EH6EACD2X3X27YPYQKPY,2024-05-05T11:41:03.418511+01:00,,,,,01HX45EWNWC130W8AMWYP093DM,2024-05-05T11:41:03.418511+01:00,01HX45F3123VM9XFVSM4T6GVH8,2024-05-05T11:41:03.418511+01:00,,
01HX46RX92RBB3AK4VZMJQBE4X,01HX46R6J0CPVE2XPVDHGKQFXT,2024-05-05T12:03:38.530578+01:00,rejected,2024-05-05T12:03:43.540703+01:00,01HX46R6JEQYB8J3H54JPVRE70,2024-05-05T12:03:38.530578+01:00,,,0,2024-05-05T12:03:45.577657+01:00,01HX46RPGNRCRHQ92BR8RKFPVW,2024-05-05T12:03:38.530578+01:00,01HX46RX30Y6QE2X2PWJCXEWEN,2024-05-05T12:03:38.530578+01:00,,
01HX4CKW9AB0PAEKEEZC46AN84,01HX4CJZN95KJTA31S4J4HZ0PE,2024-05-05T13:45:45.130842+01:00,accepted,2024-05-05T13:45:46.369503+01:00,01HX4CJZNNWSWX27P2WJPMC7YE,2024-05-05T13:45:45.130842+01:00,,,1,2024-05-05T13:45:49.819065+01:00,01HX29TJFX7RTRNWMGPB6FZSW1,2024-05-05T13:45:45.130842+01:00,01HX4CKP4R2TXJWSKA2JYY3F78,2024-05-05T13:45:45.130842+01:00,,
01HX4G45K9SRZY2FGZ4NW4A4Z9,01HX4G1V1YYYM47WA3APANBFBT,2024-05-05T14:47:04.681588+01:00,accepted,2024-05-05T14:47:07.201058+01:00,01HX4G1V29J2SJ21SH1BB6EG5G,2024-05-05T14:47:04.681588+01:00,,,1,2024-05-05T14:47:08.254191+01:00,01HX4G3NRNEZBT0VHA0VBT073F,2024-05-05T14:47:04.681588+01:00,01HX4G40QF6GTGRFZRK1YAEEJ4,2024-05-05T14:47:04.681588+01:00,,
01HX2AA0BJFSAV046DD0H5JN4G,01HX2A9BRYE3Z172EEWYRPWF5E,2024-05-04T18:26:55.602167+01:00,accepted,2024-05-04T18:26:58.213172+01:00,01HX2A9BSAZXFGN2DXABEKH32W,2024-05-04T18:26:55.602167+01:00,,,,,01HX2A9WZ182K0SX8NBWXDK8MC,2024-05-04T18:26:55.602167+01:00,01HX2AA04357G2EB14HTJVXY2Y,2024-05-04T18:26:55.602167+01:00,,
01HX4484ASBCC8RCKR9PMGWD6W,01HX446MKVJGJWX5QSBG0KCCBW,2024-05-05T11:19:31.545862+01:00,accepted,2024-05-05T11:19:32.97397+01:00,01HX446MMBFSN73P919AVGP9V6,2024-05-05T11:19:31.545862+01:00,,,,,01HX447ASAE9FPNFATTN1VP4TE,2024-05-05T11:19:31.545862+01:00,01HX447M49WNZZD5N0YJE8RKK3,2024-05-05T11:19:31.545862+01:00,,
01HX448HYPQH5C7RX6E1Z0YV1X,01HX446MKVJGJWX5QSBG0KCCBW,2024-05-05T11:19:45.494643+01:00,rejected,2024-05-05T11:19:46.801679+01:00,01HX446MMBFSN73P919AVGP9V6,2024-05-05T11:19:45.494643+01:00,,,,,01HX447CMN1V2XP1MXCZT2JG5K,2024-05-05T11:19:45.494643+01:00,01HX447M4ATJFZMC9MZRDWTJX6,2024-05-05T11:19:45.494643+01:00,,
01HX44YF1R46QWRXEZYVKB31R9,01HX44WX8RR73JN18XRYGYGKZ6,2024-05-05T11:31:43.416217+01:00,rejected,2024-05-05T11:31:44.274377+01:00,01HX44WX97JHV2G0GCTP7X2MCB,2024-05-05T11:31:43.416217+01:00,,,,,01HX44XB8CFYYZSRPZ3KM6WN9G,2024-05-05T11:31:43.416217+01:00,01HX44XJ9Y414N2E3XGYNJRESM,2024-05-05T11:31:43.416217+01:00,,
01HX46RX92RBB3AK4VZ9W9SZKZ,01HX46R6J0CPVE2XPVDHGKQFXT,2024-05-05T12:03:38.530195+01:00,accepted,2024-05-05T12:03:40.209938+01:00,01HX46R6JEQYB8J3H54JPVRE70,2024-05-05T12:03:38.530195+01:00,,,0,2024-05-05T12:03:45.577657+01:00,01HX46RHYYQ7XTNYK3Q3GX0EBV,2024-05-05T12:03:38.530195+01:00,01HX46RX30Y6QE2X2PWJCXEWEN,2024-05-05T12:03:38.530195+01:00,,
01HX448FBVN5WTEJYJQ0DFY12B,01HX446MKVJGJWX5QSBG0KCCBW,2024-05-05T11:19:42.843838+01:00,accepted,2024-05-05T11:19:45.468256+01:00,01HX446MMBFSN73P919AVGP9V6,2024-05-05T11:19:42.843838+01:00,,,,,01HX447ASAE9FPNFATTN1VP4TE,2024-05-05T11:19:42.843838+01:00,01HX447M49WNZZD5N0Z1KN68YP,2024-05-05T11:19:42.843838+01:00,,
01HX44Y9FD147CFEHH2CSK6FF0,01HX44WX8RR73JN18XRYGYGKZ6,2024-05-05T11:31:37.70946+01:00,accepted,2024-05-05T11:31:40.891056+01:00,01HX44WX97JHV2G0GCTP7X2MCB,2024-05-05T11:31:37.70946+01:00,,,,,01HX44XCPCQJF741FAQPFQ0PFD,2024-05-05T11:31:37.70946+01:00,01HX44XJ9Z0819KGE1CQKRT515,2024-05-05T11:31:37.70946+01:00,,
01HX4CM0WKHT1703ADMFMH8GK8,01HX4CJZN95KJTA31S4J4HZ0PE,2024-05-05T13:45:49.843425+01:00,rejected,2024-05-05T13:45:53.001527+01:00,01HX4CJZNNWSWX27P2WJPMC7YE,2024-05-05T13:45:49.843425+01:00,,,0,2024-05-05T13:45:55.041725+01:00,01HX4CKE858GAE98MVX166R2SM,2024-05-05T13:45:49.843425+01:00,01HX4CKP4R2TXJWSKA26AX94BR,2024-05-05T13:45:49.843425+01:00,,
01HX44P8563RM2BCTZYXRAMAHJ,01HX44N7QA09AAPSM86CP03CH4,2024-05-05T11:27:14.214939+01:00,rejected,2024-05-05T11:27:21.019352+01:00,01HX44N7QT05TWRYF3A5FZDEAS,2024-05-05T11:27:14.214939+01:00,,,,,01HX44NXTSD8FVQN1GX99S06DB,2024-05-05T11:27:14.214939+01:00,01HX44P7X7ZHRFJMRQEK83STNQ,2024-05-05T11:27:14.214939+01:00,,
01HX45F85NS1AD7AN2X1Q6WNBQ,01HX45EH5ZPXXCE31NY9NVJJHE,2024-05-05T11:40:53.42975+01:00,rejected,2024-05-05T11:40:55.034754+01:00,01HX45EH6EACD2X3X27YPYQKPY,2024-05-05T11:40:53.42975+01:00,,,,,01HX45ERECF48CFD7TJDG4MTAF,2024-05-05T11:40:53.42975+01:00,01HX45F31159FA74TPZPKW3JD9,2024-05-05T11:40:53.42975+01:00,,
01HX46SMPEFKECVKTVSEGB4MYD,01HX46R6J0CPVE2XPVDHGKQFXT,2024-05-05T12:04:02.510043+01:00,accepted,2024-05-05T12:04:03.73923+01:00,01HX46R6JEQYB8J3H54JPVRE70,2024-05-05T12:04:02.510043+01:00,,,1,2024-05-05T12:04:08.057522+01:00,01HX46RPGNRCRHQ92BR8RKFPVW,2024-05-05T12:04:02.510043+01:00,01HX46RX33EPYFTQDWRK81GM14,2024-05-05T12:04:02.510043+01:00,,
01HX4CMAMGE77ZQW8HJS1DGHG3,01HX4CJZN95KJTA31S4J4HZ0PE,2024-05-05T13:45:59.824351+01:00,rejected,2024-05-05T13:46:00.939043+01:00,01HX4CJZNNWSWX27P2WJPMC7YE,2024-05-05T13:45:59.824351+01:00,,,0,2024-05-05T13:46:04.170257+01:00,01HX4CKE858GAE98MVX166R2SM,2024-05-05T13:45:59.824351+01:00,01HX4CKP4T76Z3JXZWKCGHTD7J,2024-05-05T13:45:59.824351+01:00,,
01HX4DWEZNMFK533QE7ER09E4H,01HX4DV59VK2YR0QV9CX3TKJ4T,2024-05-05T14:07:54.997754+01:00,rejected,2024-05-05T14:07:56.023371+01:00,01HX4DV5ABKRR7808MND32WE52,2024-05-05T14:07:54.997754+01:00,,,0,2024-05-05T14:07:58.459587+01:00,01HX4DVHXQNZ7V4AJFJB4XK3PZ,2024-05-05T14:07:54.997754+01:00,01HX4DVRXA0AK2MHW8H1VMW403,2024-05-05T14:07:54.997754+01:00,,
01HX2AA8MW17GFF6WF2JP55ARH,01HX2A9BRYE3Z172EEWYRPWF5E,2024-05-04T18:27:04.092108+01:00,rejected,2024-05-04T18:27:04.665327+01:00,01HX2A9BSAZXFGN2DXABEKH32W,2024-05-04T18:27:04.092108+01:00,,,,,01HX2A9WZ182K0SX8NBWXDK8MC,2024-05-04T18:27:04.092108+01:00,01HX2AA04A6K80NBDZ9V4VWHY6,2024-05-04T18:27:04.092108+01:00,,
01HX42SGDJDF7M8NT7EFD6WVJ8,01HX42RYJBMDJF8TCTFP4ZG762,2024-05-05T10:54:03.826928+01:00,rejected,2024-05-05T10:54:04.345506+01:00,01HX42RYJYCKH5SRD15XTVHHQM,2024-05-05T10:54:03.826928+01:00,,,,,01HX42S832Q9PJEWT3DRCHP8S1,2024-05-05T10:54:03.826928+01:00,01HX42SB3TT97RJMGN762C2NPH,2024-05-05T10:54:03.826928+01:00,,
01HX44R1GBYG5EAM5PTHC805JX,01HX44N7QA09AAPSM86CP03CH4,2024-05-05T11:28:12.939756+01:00,accepted,2024-05-05T11:28:17.044868+01:00,01HX44N7QT05TWRYF3A5FZDEAS,2024-05-05T11:28:12.939756+01:00,,,,,01HX44NZDE97GWSYN8FM2Z78S8,2024-05-05T11:28:12.939756+01:00,01HX44P7XB27YVQ6WTNYG6K414,2024-05-05T11:28:12.939756+01:00,,
01HX45F37HX7RWTAMJ63MKP09N,01HX45EH5ZPXXCE31NY9NVJJHE,2024-05-05T11:40:48.369452+01:00,accepted,2024-05-05T11:40:51.370328+01:00,01HX45EH6EACD2X3X27YPYQKPY,2024-05-05T11:40:48.369452+01:00,,,,,01HX45EWNWC130W8AMWYP093DM,2024-05-05T11:40:48.369452+01:00,01HX45F310V3V1WXJ6Z9EVS056,2024-05-05T11:40:48.369452+01:00,,
01HX45FD2J36T19J1X39R7YWQ7,01HX45EH5ZPXXCE31NY9NVJJHE,2024-05-05T11:40:58.450199+01:00,accepted,2024-05-05T11:41:01.371616+01:00,01HX45EH6EACD2X3X27YPYQKPY,2024-05-05T11:40:58.450199+01:00,,,,,01HX45EWNWC130W8AMWYP093DM,2024-05-05T11:40:58.450199+01:00,01HX45F31159FA74TPZBBWFAM5,2024-05-05T11:40:58.450199+01:00,,
01HX4CM5ZMAH38697K2C5XYD7F,01HX4CJZN95KJTA31S4J4HZ0PE,2024-05-05T13:45:55.060926+01:00,accepted,2024-05-05T13:45:56.203496+01:00,01HX4CJZNNWSWX27P2WJPMC7YE,2024-05-05T13:45:55.060926+01:00,,,1,2024-05-05T13:45:59.801266+01:00,01HX4CKE858GAE98MVX166R2SM,2024-05-05T13:45:55.060926+01:00,01HX4CKP4S5B5N75YDEQ07X125,2024-05-05T13:45:55.060926+01:00,,
01HX4G17X47639NP2NHPVKY9C1,01HX4FZY1X90CAB3Q3VVAGGWMZ,2024-05-05T14:45:28.740237+01:00,accepted,2024-05-05T14:45:29.850453+01:00,01HX4FZY2EM4NS8VN1QJWGTE2M,2024-05-05T14:45:28.740237+01:00,,,1,2024-05-05T14:45:32.008795+01:00,01HX4G0770PSA0XPZ8BVM1M1G3,2024-05-05T14:45:28.740237+01:00,01HX4G0G2XAH5E6FD2A2QJ28SH,2024-05-05T14:45:28.740237+01:00,,
01HX44815R1256V3F5NAH9FV8B,01HX446MKVJGJWX5QSBG0KCCBW,2024-05-05T11:19:28.312421+01:00,accepted,2024-05-05T11:19:31.524174+01:00,01HX446MMBFSN73P919AVGP9V6,2024-05-05T11:19:28.312421+01:00,,,,,01HX447CMN1V2XP1MXCZT2JG5K,2024-05-05T11:19:28.312421+01:00,01HX447M49WNZZD5N0XRADDTB6,2024-05-05T11:19:28.312421+01:00,,
01HX4484ATHCNA2DT8MTT8GQM3,01HX446MKVJGJWX5QSBG0KCCBW,2024-05-05T11:19:31.546175+01:00,accepted,2024-05-05T11:19:34.772801+01:00,01HX446MMBFSN73P919AVGP9V6,2024-05-05T11:19:31.546175+01:00,,,,,01HX447CMN1V2XP1MXCZT2JG5K,2024-05-05T11:19:31.546175+01:00,01HX447M49WNZZD5N0YJE8RKK3,2024-05-05T11:19:31.546175+01:00,,
01HX44QKV6S111CC9XSY3NHB2C,01HX44N7QA09AAPSM86CP03CH4,2024-05-05T11:27:58.950937+01:00,rejected,2024-05-05T11:28:00.135102+01:00,01HX44N7QT05TWRYF3A5FZDEAS,2024-05-05T11:27:58.950937+01:00,,,,,01HX44NXTSD8FVQN1GX99S06DB,2024-05-05T11:27:58.950937+01:00,01HX44P7XA9CC5MCKE8YWFNDK3,2024-05-05T11:27:58.950937+01:00,,
01HX46SERTRRY3F7E5FP82ZDKZ,01HX46R6J0CPVE2XPVDHGKQFXT,2024-05-05T12:03:56.44245+01:00,rejected,2024-05-05T12:04:00.459434+01:00,01HX46R6JEQYB8J3H54JPVRE70,2024-05-05T12:03:56.44245+01:00,,,0,2024-05-05T12:04:02.491743+01:00,01HX46RPGNRCRHQ92BR8RKFPVW,2024-05-05T12:03:56.44245+01:00,01HX46RX33EPYFTQDWRZYTZ65T,2024-05-05T12:03:56.44245+01:00,,
01HX4DVS354G4BYRMBGSYEVETJ,01HX4DV59VK2YR0QV9CX3TKJ4T,2024-05-05T14:07:32.581802+01:00,,,01HX4DV5ABKRR7808MND32WE52,2024-05-05T14:07:32.581802+01:00,,,0,2024-05-05T14:07:43.645529+01:00,01HX4DVKJ6B5S3KRMVAA63JD3F,2024-05-05T14:07:32.581802+01:00,01HX4DVRX8992DM83VGCMEWQBT,2024-05-05T14:07:32.581802+01:00,,
01HX2AA2XTGEMK93QDVC432BD3,01HX2A9BRYE3Z172EEWYRPWF5E,2024-05-04T18:26:58.234579+01:00,rejected,2024-05-04T18:26:59.787464+01:00,01HX2A9BSAZXFGN2DXABEKH32W,2024-05-04T18:26:58.234579+01:00,,,,,01HX2A9WZ182K0SX8NBWXDK8MC,2024-05-04T18:26:58.234579+01:00,01HX2AA044MZDE4B0B6RFQV869,2024-05-04T18:26:58.234579+01:00,,
01HX4489VZXFEN6BFDYPQAGRCT,01HX446MKVJGJWX5QSBG0KCCBW,2024-05-05T11:19:37.215712+01:00,accepted,2024-05-05T11:19:38.139053+01:00,01HX446MMBFSN73P919AVGP9V6,2024-05-05T11:19:37.215712+01:00,,,,,01HX447CMN1V2XP1MXCZT2JG5K,2024-05-05T11:19:37.215712+01:00,01HX447M4ATJFZMC9MZ6WRZ4HF,2024-05-05T11:19:37.215712+01:00,,
01HX46SERSKXZYMQZD8FY4PD7R,01HX46R6J0CPVE2XPVDHGKQFXT,2024-05-05T12:03:56.441959+01:00,accepted,2024-05-05T12:03:58.859294+01:00,01HX46R6JEQYB8J3H54JPVRE70,2024-05-05T12:03:56.441959+01:00,,,0,2024-05-05T12:04:02.491743+01:00,01HX46RHYYQ7XTNYK3Q3GX0EBV,2024-05-05T12:03:56.441959+01:00,01HX46RX33EPYFTQDWRZYTZ65T,2024-05-05T12:03:56.441959+01:00,,
01HX4CM5ZMAH38697K257PSEQ8,01HX4CJZN95KJTA31S4J4HZ0PE,2024-05-05T13:45:55.060459+01:00,accepted,2024-05-05T13:45:57.767079+01:00,01HX4CJZNNWSWX27P2WJPMC7YE,2024-05-05T13:45:55.060459+01:00,,,1,2024-05-05T13:45:59.801266+01:00,01HX29TJFX7RTRNWMGPB6FZSW1,2024-05-05T13:45:55.060459+01:00,01HX4CKP4S5B5N75YDEQ07X125,2024-05-05T13:45:55.060459+01:00,,
01HX4G493PHHM8T769X1NQGZ6J,01HX4G1V1YYYM47WA3APANBFBT,2024-05-05T14:47:08.278653+01:00,accepted,2024-05-05T14:47:11.482657+01:00,01HX4G1V29J2SJ21SH1BB6EG5G,2024-05-05T14:47:08.278653+01:00,,,0,2024-05-05T14:47:12.570153+01:00,01HX4G3NRNEZBT0VHA0VBT073F,2024-05-05T14:47:08.278653+01:00,01HX4G40QF6GTGRFZRKJ72A4YX,2024-05-05T14:47:08.278653+01:00,,
01HX2AA5FP7FHYFZN8DQPQPMQ1,01HX2A9BRYE3Z172EEWYRPWF5E,2024-05-04T18:27:00.854967+01:00,rejected,2024-05-04T18:27:01.393409+01:00,01HX2A9BSAZXFGN2DXABEKH32W,2024-05-04T18:27:00.854967+01:00,,,,,01HX2A9WZ182K0SX8NBWXDK8MC,2024-05-04T18:27:00.854967+01:00,01HX2AA045GKKQWW25K6NSXKYC,2024-05-04T18:27:00.854967+01:00,,
01HX42SGYDFTJP2ZV3PWGGJ7C6,01HX42RYJBMDJF8TCTFP4ZG762,2024-05-05T10:54:04.365211+01:00,accepted,2024-05-05T10:54:04.887154+01:00,01HX42RYJYCKH5SRD15XTVHHQM,2024-05-05T10:54:04.365211+01:00,,,,,01HX42S832Q9PJEWT3DRCHP8S1,2024-05-05T10:54:04.365211+01:00,01HX42SB3V504891NBY9JHQYM8,2024-05-05T10:54:04.365211+01:00,,
01HX44XJGRXX6MT25YHVHY8YZJ,01HX44WX8RR73JN18XRYGYGKZ6,2024-05-05T11:31:14.200467+01:00,accepted,2024-05-05T11:31:17.20369+01:00,01HX44WX97JHV2G0GCTP7X2MCB,2024-05-05T11:31:14.200467+01:00,,,,,01HX44XB8CFYYZSRPZ3KM6WN9G,2024-05-05T11:31:14.200467+01:00,01HX44XJ9V58SXS67DRC9TN5D8,2024-05-05T11:31:14.200467+01:00,,
01HX44XX9GJAEGVTFDPEW586K1,01HX44WX8RR73JN18XRYGYGKZ6,2024-05-05T11:31:25.232138+01:00,accepted,2024-05-05T11:31:26.456854+01:00,01HX44WX97JHV2G0GCTP7X2MCB,2024-05-05T11:31:25.232138+01:00,,,,,01HX44XB8CFYYZSRPZ3KM6WN9G,2024-05-05T11:31:25.232138+01:00,01HX44XJ9Y414N2E3XGFWRMP0F,2024-05-05T11:31:25.232138+01:00,,
01HX46S9N67KTQZVWV0MVNBQ0C,01HX46R6J0CPVE2XPVDHGKQFXT,2024-05-05T12:03:51.206856+01:00,accepted,2024-05-05T12:03:54.390038+01:00,01HX46R6JEQYB8J3H54JPVRE70,2024-05-05T12:03:51.206856+01:00,,,1,2024-05-05T12:03:56.421234+01:00,01HX46RPGNRCRHQ92BR8RKFPVW,2024-05-05T12:03:51.206856+01:00,01HX46RX32XJJ60858J0G5FMX5,2024-05-05T12:03:51.206856+01:00,,
01HX4DW8X2JE9Y3X13J5ZXB272,01HX4DV59VK2YR0QV9CX3TKJ4T,2024-05-05T14:07:48.770898+01:00,accepted,2024-05-05T14:07:49.925677+01:00,01HX4DV5ABKRR7808MND32WE52,2024-05-05T14:07:48.770898+01:00,,,1,2024-05-05T14:07:52.087076+01:00,01HX4DVHXQNZ7V4AJFJB4XK3PZ,2024-05-05T14:07:48.770898+01:00,01HX4DVRX94N9X2V1V824VDKSW,2024-05-05T14:07:48.770898+01:00,,
01HX1VS331G5KZ0ASSYXDY8XDE,01HX1VQEAMSM5S35NVWA3W4FJZ,2024-05-04T14:13:01.281648+01:00,accepted,2024-05-04T14:13:10.000113+01:00,01HX1VQEB5817FFX0P0P5520ZB,2024-05-04T14:13:01.281648+01:00,,,,,01HX1VRYRK7BSN1F31YY23ZZ4B,2024-05-04T14:13:01.281648+01:00,01HX1VS314410XXWAFA7HG91DS,2024-05-04T14:13:01.281648+01:00,,
01HX2AGYY4RBZXBHMJPCFCHSNN,01HX2AGH3A5HMME7XP3QHYYM3V,2024-05-04T18:30:43.524113+01:00,accepted,2024-05-04T18:30:45.117438+01:00,01HX2AGH3NZAA6FKFCX5A4KJCE,2024-05-04T18:30:43.524113+01:00,,,,,01HX2AGVYXGS1C1Q7FJ32K7GC8,2024-05-04T18:30:43.524113+01:00,01HX2AGYPB32MY93GMZ426AZ79,2024-05-04T18:30:43.524113+01:00,,
01HX2AH4PNAS6WDK4TSXM126S8,01HX2AGH3A5HMME7XP3QHYYM3V,2024-05-04T18:30:49.429925+01:00,accepted,2024-05-04T18:30:49.955375+01:00,01HX2AGH3NZAA6FKFCX5A4KJCE,2024-05-04T18:30:49.429925+01:00,,,,,01HX2AGVYXGS1C1Q7FJ32K7GC8,2024-05-04T18:30:49.429925+01:00,01HX2AGYPFD9B6GYB7S4432WS8,2024-05-04T18:30:49.429925+01:00,,
01HX4487GCYY6DRK9W11WAN00N,01HX446MKVJGJWX5QSBG0KCCBW,2024-05-05T11:19:34.796803+01:00,rejected,2024-05-05T11:19:36.020187+01:00,01HX446MMBFSN73P919AVGP9V6,2024-05-05T11:19:34.796803+01:00,,,,,01HX447ASAE9FPNFATTN1VP4TE,2024-05-05T11:19:34.796803+01:00,01HX447M49WNZZD5N0Y6E61HTP,2024-05-05T11:19:34.796803+01:00,,
01HX448CKRT2J4V5D3MC8E8SWN,01HX446MKVJGJWX5QSBG0KCCBW,2024-05-05T11:19:40.024346+01:00,accepted,2024-05-05T11:19:41.754603+01:00,01HX446MMBFSN73P919AVGP9V6,2024-05-05T11:19:40.024346+01:00,,,,,01HX447CMN1V2XP1MXCZT2JG5K,2024-05-05T11:19:40.024346+01:00,01HX447M4ATJFZMC9N096D5NGD,2024-05-05T11:19:40.024346+01:00,,
01HX45BC8WDN54DSWZDC1AB7JP,01HX45AC0QQVMS1PCXN2225449,2024-05-05T11:38:46.556889+01:00,accepted,2024-05-05T11:38:49.438468+01:00,01HX45AC1893E9C76KDBEASN0R,2024-05-05T11:38:46.556889+01:00,,,,,01HX45APPEY0ADJ3XXY6XRXR9P,2024-05-05T11:38:46.556889+01:00,01HX45B459Q64JRGBNCEH6ZWPN,2024-05-05T11:38:46.556889+01:00,,
01HX45FP9GZRJGTVDKDTVSVM2W,01HX45EH5ZPXXCE31NY9NVJJHE,2024-05-05T11:41:07.88834+01:00,accepted,2024-05-05T11:41:09.868528+01:00,01HX45EH6EACD2X3X27YPYQKPY,2024-05-05T11:41:07.88834+01:00,,,,,01HX45ERECF48CFD7TJDG4MTAF,2024-05-05T11:41:07.88834+01:00,01HX45F3123VM9XFVSKKEKNKR6,2024-05-05T11:41:07.88834+01:00,,
01HX4G14KE8K466R80EVNV4B6J,01HX4FZY1X90CAB3Q3VVAGGWMZ,2024-05-05T14:45:25.358149+01:00,accepted,2024-05-05T14:45:26.63148+01:00,01HX4FZY2EM4NS8VN1QJWGTE2M,2024-05-05T14:45:25.358149+01:00,,,1,2024-05-05T14:45:28.714532+01:00,01HX4G0770PSA0XPZ8BVM1M1G3,2024-05-05T14:45:25.358149+01:00,01HX4G0G2WWZSZZVJREV2MG5PW,2024-05-05T14:45:25.358149+01:00,,
01HX2AH2GRVEM8ZD92Q1R5CWJ9,01HX2AGH3A5HMME7XP3QHYYM3V,2024-05-04T18:30:47.192267+01:00,accepted,2024-05-04T18:30:47.861687+01:00,01HX2AGH3NZAA6FKFCX5A4KJCE,2024-05-04T18:30:47.192267+01:00,,,,,01HX2AGVYXGS1C1Q7FJ32K7GC8,2024-05-04T18:30:47.192267+01:00,01HX2AGYPEBP07NR9WXFBDTM4P,2024-05-04T18:30:47.192267+01:00,,
01HX4G0GA1VDS7VE4BB86ZPPMC,01HX4FZY1X90CAB3Q3VVAGGWMZ,2024-05-05T14:45:04.577677+01:00,,,01HX4FZY2EM4NS8VN1QJWGTE2M,2024-05-05T14:45:04.577677+01:00,,,0,2024-05-05T14:45:15.651075+01:00,01HX4G0770PSA0XPZ8BVM1M1G3,2024-05-05T14:45:04.577677+01:00,01HX4G0G2T55ZNAP9Z0F4RH3M0,2024-05-05T14:45:04.577677+01:00,,
01HX4G14KE8K466R80F42X7FVA,01HX4FZY1X90CAB3Q3VVAGGWMZ,2024-05-05T14:45:25.358827+01:00,accepted,2024-05-05T14:45:27.666674+01:00,01HX4FZY2EM4NS8VN1QJWGTE2M,2024-05-05T14:45:25.358827+01:00,,,1,2024-05-05T14:45:28.714532+01:00,01HX4G08H27WTV73DTRM07M9SN,2024-05-05T14:45:25.358827+01:00,01HX4G0G2WWZSZZVJREV2MG5PW,2024-05-05T14:45:25.358827+01:00,,
01HX4G40Y3ZAJ3NCTRM83WAEJR,01HX4G1V1YYYM47WA3APANBFBT,2024-05-05T14:46:59.907079+01:00,rejected,2024-05-05T14:47:01.750744+01:00,01HX4G1V29J2SJ21SH1BB6EG5G,2024-05-05T14:46:59.907079+01:00,,,0,2024-05-05T14:47:04.647776+01:00,01HX4G3NRNEZBT0VHA0VBT073F,2024-05-05T14:46:59.907079+01:00,01HX4G40QE8N55XAER5A04REAC,2024-05-05T14:46:59.907079+01:00,,
01HX45BYVNQV5V45G4YYJAR4BA,01HX45AC0QQVMS1PCXN2225449,2024-05-05T11:39:05.589905+01:00,rejected,2024-05-05T11:39:09.261473+01:00,01HX45AC1893E9C76KDBEASN0R,2024-05-05T11:39:05.589905+01:00,,,,,01HX45AWWYHMJNGXWAXT16N2J7,2024-05-05T11:39:05.589905+01:00,01HX45B45A5295WT4EB9S6N9SQ,2024-05-05T11:39:05.589905+01:00,,
01HX45F85PZ3V8MV6YZD90GCKN,01HX45EH5ZPXXCE31NY9NVJJHE,2024-05-05T11:40:53.430156+01:00,rejected,2024-05-05T11:40:56.402631+01:00,01HX45EH6EACD2X3X27YPYQKPY,2024-05-05T11:40:53.430156+01:00,,,,,01HX45EWNWC130W8AMWYP093DM,2024-05-05T11:40:53.430156+01:00,01HX45F31159FA74TPZPKW3JD9,2024-05-05T11:40:53.430156+01:00,,
01HX4DWC5CRPNSV1S1KB00NTJX,01HX4DV59VK2YR0QV9CX3TKJ4T,2024-05-05T14:07:52.10827+01:00,accepted,2024-05-05T14:07:53.920357+01:00,01HX4DV5ABKRR7808MND32WE52,2024-05-05T14:07:52.10827+01:00,,,1,2024-05-05T14:07:54.975624+01:00,01HX4DVHXQNZ7V4AJFJB4XK3PZ,2024-05-05T14:07:52.10827+01:00,01HX4DVRXA0AK2MHW8HHEWBRYC,2024-05-05T14:07:52.10827+01:00,,
01HX4G4DAGE8VGDEHN78N2W05A,01HX4G1V1YYYM47WA3APANBFBT,2024-05-05T14:47:12.592308+01:00,accepted,2024-05-05T14:47:13.434317+01:00,01HX4G1V29J2SJ21SH1BB6EG5G,2024-05-05T14:47:12.592308+01:00,,,1,2024-05-05T14:47:17.90151+01:00,01HX4G3NRNEZBT0VHA0VBT073F,2024-05-05T14:47:12.592308+01:00,01HX4G40QGBBZCM3MD5DCPVX50,2024-05-05T14:47:12.592308+01:00,,
01HX4G4DAH6DG5QT1YPCXYD1JH,01HX4G1V1YYYM47WA3APANBFBT,2024-05-05T14:47:12.593566+01:00,accepted,2024-05-05T14:47:16.850746+01:00,01HX4G1V29J2SJ21SH1BB6EG5G,2024-05-05T14:47:12.593566+01:00,,,1,2024-05-05T14:47:17.90151+01:00,01HX4G3SYWR22VRB2XC8EZ4WJ7,2024-05-05T14:47:12.593566+01:00,01HX4G40QGBBZCM3MD5DCPVX50,2024-05-05T14:47:12.593566+01:00,,
01HX4CMAMFKYFEPAGETA0BCNT9,01HX4CJZN95KJTA31S4J4HZ0PE,2024-05-05T13:45:59.823285+01:00,rejected,2024-05-05T13:46:02.135509+01:00,01HX4CJZNNWSWX27P2WJPMC7YE,2024-05-05T13:45:59.823285+01:00,,,0,2024-05-05T13:46:04.170257+01:00,01HX29TJFX7RTRNWMGPB6FZSW1,2024-05-05T13:45:59.823285+01:00,01HX4CKP4T76Z3JXZWKCGHTD7J,2024-05-05T13:45:59.823285+01:00,,
01HX4G40Y3ZAJ3NCTRMKRQ68GT,01HX4G1V1YYYM47WA3APANBFBT,2024-05-05T14:46:59.907856+01:00,rejected,2024-05-05T14:47:03.585916+01:00,01HX4G1V29J2SJ21SH1BB6EG5G,2024-05-05T14:46:59.907856+01:00,,,0,2024-05-05T14:47:04.647776+01:00,01HX4G3SYWR22VRB2XC8EZ4WJ7,2024-05-05T14:46:59.907856+01:00,01HX4G40QE8N55XAER5A04REAC,2024-05-05T14:46:59.907856+01:00,,
01HX44QKV6S111CC9XST7ZGWK1,01HX44N7QA09AAPSM86CP03CH4,2024-05-05T11:27:58.950469+01:00,rejected,2024-05-05T11:28:02.871721+01:00,01HX44N7QT05TWRYF3A5FZDEAS,2024-05-05T11:27:58.950469+01:00,,,,,01HX44NZDE97GWSYN8FM2Z78S8,2024-05-05T11:27:58.950469+01:00,01HX44P7XA9CC5MCKE8YWFNDK3,2024-05-05T11:27:58.950469+01:00,,
01HX4CKPAMYXCXJ4Q2SZWAMW22,01HX4CJZN95KJTA31S4J4HZ0PE,2024-05-05T13:45:39.028192+01:00,accepted,2024-05-05T13:45:41.660964+01:00,01HX4CJZNNWSWX27P2WJPMC7YE,2024-05-05T13:45:39.028192+01:00,,,0,2024-05-05T13:45:45.107834+01:00,01HX29TJFX7RTRNWMGPB6FZSW1,2024-05-05T13:45:39.028192+01:00,01HX4CKP4QYR5VEATES027CKQE,2024-05-05T13:45:39.028192+01:00,,
01HX4DW3XHVPKWB72TKRHW4KX8,01HX4DV59VK2YR0QV9CX3TKJ4T,2024-05-05T14:07:43.665209+01:00,accepted,2024-05-05T14:07:47.701536+01:00,01HX4DV5ABKRR7808MND32WE52,2024-05-05T14:07:43.665209+01:00,,,0,2024-05-05T14:07:48.751118+01:00,01HX4DVKJ6B5S3KRMVAA63JD3F,2024-05-05T14:07:43.665209+01:00,01HX4DVRX94N9X2V1V7J930J5X,2024-05-05T14:07:43.665209+01:00,,
01HX448HYPQH5C7RX6ECR9141J,01HX446MKVJGJWX5QSBG0KCCBW,2024-05-05T11:19:45.495017+01:00,rejected,2024-05-05T11:19:47.966311+01:00,01HX446MMBFSN73P919AVGP9V6,2024-05-05T11:19:45.495017+01:00,,,,,01HX447ASAE9FPNFATTN1VP4TE,2024-05-05T11:19:45.495017+01:00,01HX447M4ATJFZMC9MZRDWTJX6,2024-05-05T11:19:45.495017+01:00,,
01HX4DWEZNMFK533QE7564SXB0,01HX4DV59VK2YR0QV9CX3TKJ4T,2024-05-05T14:07:54.997217+01:00,rejected,2024-05-05T14:07:57.420918+01:00,01HX4DV5ABKRR7808MND32WE52,2024-05-05T14:07:54.997217+01:00,,,0,2024-05-05T14:07:58.459587+01:00,01HX4DVKJ6B5S3KRMVAA63JD3F,2024-05-05T14:07:54.997217+01:00,01HX4DVRXA0AK2MHW8H1VMW403,2024-05-05T14:07:54.997217+01:00,,
01HX42SHF9NDKAHZKX2EVYYH6Y,01HX42RYJBMDJF8TCTFP4ZG762,2024-05-05T10:54:04.905147+01:00,rejected,2024-05-05T10:54:05.411139+01:00,01HX42RYJYCKH5SRD15XTVHHQM,2024-05-05T10:54:04.905147+01:00,,,,,01HX42S832Q9PJEWT3DRCHP8S1,2024-05-05T10:54:04.905147+01:00,01HX42SB3WMN0NCGEREJRA6QJF,2024-05-05T10:54:04.905147+01:00,,
01HX4G0GA254HZ0AYQ5TNH5M9B,01HX4FZY1X90CAB3Q3VVAGGWMZ,2024-05-05T14:45:04.578148+01:00,,,01HX4FZY2EM4NS8VN1QJWGTE2M,2024-05-05T14:45:04.578148+01:00,,,0,2024-05-05T14:45:15.651075+01:00,01HX4G08H27WTV73DTRM07M9SN,2024-05-05T14:45:04.578148+01:00,01HX4G0G2T55ZNAP9Z0F4RH3M0,2024-05-05T14:45:04.578148+01:00,,
01HX1PDTT4TNXFSBHSGGMDX5NX,01HX1HCQHP27QE0H7HDPTAJDEG,2024-05-04T12:39:29.476984+01:00,,,01HX1HCQJA9RTHYH65K5JBA2W9,2024-05-04T12:39:29.476984+01:00,,,,,01HX1PDHB7X8G2SBGEYY749074,2024-05-04T12:39:29.476984+01:00,01HX1PDMAR2CK1G4CT5QHPRAT4,2024-05-04T12:39:29.476984+01:00,,
01HX2A4Z2NK3CW5CND41V2RFCH,01HX2A4N6ZEX7NFA2FK7PXEF3R,2024-05-04T18:24:10.453149+01:00,accepted,2024-05-04T18:24:16.552095+01:00,01HX2A4N79NCGFF8XAH83VXVN8,2024-05-04T18:24:10.453149+01:00,,,,,01HX2A4W0CDZTFT008X6F9NTCP,2024-05-04T18:24:10.453149+01:00,01HX2A4Z0ZSYTAB2Z4WBBMW8YP,2024-05-04T18:24:10.453149+01:00,,
01HX2AH44MECRWS0Z5SXSB7BP3,01HX2AGH3A5HMME7XP3QHYYM3V,2024-05-04T18:30:48.852718+01:00,accepted,2024-05-04T18:30:49.414532+01:00,01HX2AGH3NZAA6FKFCX5A4KJCE,2024-05-04T18:30:48.852718+01:00,,,,,01HX2AGVYXGS1C1Q7FJ32K7GC8,2024-05-04T18:30:48.852718+01:00,01HX2AGYPFD9B6GYB7RESCRMBM,2024-05-04T18:30:48.852718+01:00,,
01HX42SHZP3T4XF30CYQ716H40,01HX42RYJBMDJF8TCTFP4ZG762,2024-05-05T10:54:05.430361+01:00,rejected,2024-05-05T10:54:05.830573+01:00,01HX42RYJYCKH5SRD15XTVHHQM,2024-05-05T10:54:05.430361+01:00,,,,,01HX42S832Q9PJEWT3DRCHP8S1,2024-05-05T10:54:05.430361+01:00,01HX42SB3WMN0NCGERF14ZQ0MC,2024-05-05T10:54:05.430361+01:00,,
01HX45BMHQTFEKK6V290W6JBX1,01HX45AC0QQVMS1PCXN2225449,2024-05-05T11:38:55.031312+01:00,accepted,2024-05-05T11:38:57.760792+01:00,01HX45AC1893E9C76KDBEASN0R,2024-05-05T11:38:55.031312+01:00,,,,,01HX45APPEY0ADJ3XXY6XRXR9P,2024-05-05T11:38:55.031312+01:00,01HX45B458NKYG4880CJZBSE1R,2024-05-05T11:38:55.031312+01:00,,
01HX4CM0WJK2TXK64EB6MNWNFD,01HX4CJZN95KJTA31S4J4HZ0PE,2024-05-05T13:45:49.842813+01:00,rejected,2024-05-05T13:45:51.20531+01:00,01HX4CJZNNWSWX27P2WJPMC7YE,2024-05-05T13:45:49.842813+01:00,,,0,2024-05-05T13:45:55.041725+01:00,01HX29TJFX7RTRNWMGPB6FZSW1,2024-05-05T13:45:49.842813+01:00,01HX4CKP4R2TXJWSKA26AX94BR,2024-05-05T13:45:49.842813+01:00,,
01HX29TNFRC6SPYCV94ED76K65,01HX29SXAA6W4HHB6A7M20Z3VB,2024-05-04T18:18:32.952378+01:00,accepted,2024-05-04T18:18:39.627611+01:00,01HX29SXAY49Q1XSBWRMHQYD1H,2024-05-04T18:18:32.952378+01:00,,,,,01HX29TJFX7RTRNWMGPB6FZSW1,2024-05-04T18:18:32.952378+01:00,01HX29TNDR51EDMYP1P9J8R2Y7,2024-05-04T18:18:32.952378+01:00,,
01HX42SJDAFPG5XVXKQBT9F34J,01HX42RYJBMDJF8TCTFP4ZG762,2024-05-05T10:54:05.866362+01:00,rejected,2024-05-05T10:54:06.357459+01:00,01HX42RYJYCKH5SRD15XTVHHQM,2024-05-05T10:54:05.866362+01:00,,,,,01HX42S832Q9PJEWT3DRCHP8S1,2024-05-05T10:54:05.866362+01:00,01HX42SB3WMN0NCGERFGZJRYNA,2024-05-05T10:54:05.866362+01:00,,
01HX44P8563RM2BCTZYJ65K1Y1,01HX44N7QA09AAPSM86CP03CH4,2024-05-05T11:27:14.214634+01:00,accepted,2024-05-05T11:27:17.757552+01:00,01HX44N7QT05TWRYF3A5FZDEAS,2024-05-05T11:27:14.214634+01:00,,,,,01HX44NZDE97GWSYN8FM2Z78S8,2024-05-05T11:27:14.214634+01:00,01HX44P7X7ZHRFJMRQEK83STNQ,2024-05-05T11:27:14.214634+01:00,,
01HX44Q6SBXJF686ZQQMR7PHRB,01HX44N7QA09AAPSM86CP03CH4,2024-05-05T11:27:45.5798+01:00,rejected,2024-05-05T11:27:46.676991+01:00,01HX44N7QT05TWRYF3A5FZDEAS,2024-05-05T11:27:45.5798+01:00,,,,,01HX44NZDE97GWSYN8FM2Z78S8,2024-05-05T11:27:45.5798+01:00,01HX44P7X9NTRH49B9VMY5KMGG,2024-05-05T11:27:45.5798+01:00,,
01HX44Y9FD147CFEHH25PGZQM9,01HX44WX8RR73JN18XRYGYGKZ6,2024-05-05T11:31:37.709059+01:00,accepted,2024-05-05T11:31:39.040091+01:00,01HX44WX97JHV2G0GCTP7X2MCB,2024-05-05T11:31:37.709059+01:00,,,,,01HX44XB8CFYYZSRPZ3KM6WN9G,2024-05-05T11:31:37.709059+01:00,01HX44XJ9Z0819KGE1CQKRT515,2024-05-05T11:31:37.709059+01:00,,
01HX45B4BF6ZQWG72NJBR7J1FT,01HX45AC0QQVMS1PCXN2225449,2024-05-05T11:38:38.447474+01:00,accepted,2024-05-05T11:38:42.138175+01:00,01HX45AC1893E9C76KDBEASN0R,2024-05-05T11:38:38.447474+01:00,,,,,01HX45APPEY0ADJ3XXY6XRXR9P,2024-05-05T11:38:38.447474+01:00,01HX45B457588G8Y5M0PGY0BVR,2024-05-05T11:38:38.447474+01:00,,
01HX45FP9GZRJGTVDKE2QM242Y,01HX45EH5ZPXXCE31NY9NVJJHE,2024-05-05T11:41:07.888778+01:00,accepted,2024-05-05T11:41:11.953231+01:00,01HX45EH6EACD2X3X27YPYQKPY,2024-05-05T11:41:07.888778+01:00,,,,,01HX45EWNWC130W8AMWYP093DM,2024-05-05T11:41:07.888778+01:00,01HX45F3123VM9XFVSKKEKNKR6,2024-05-05T11:41:07.888778+01:00,,
01HX4DWC5BFV8WSN5W23NFHWW0,01HX4DV59VK2YR0QV9CX3TKJ4T,2024-05-05T14:07:52.107672+01:00,accepted,2024-05-05T14:07:52.739575+01:00,01HX4DV5ABKRR7808MND32WE52,2024-05-05T14:07:52.107672+01:00,,,1,2024-05-05T14:07:54.975624+01:00,01HX4DVKJ6B5S3KRMVAA63JD3F,2024-05-05T14:07:52.107672+01:00,01HX4DVRXA0AK2MHW8HHEWBRYC,2024-05-05T14:07:52.107672+01:00,,
01HX4G0V4ST8SV4GY4VZT09YC8,01HX4FZY1X90CAB3Q3VVAGGWMZ,2024-05-05T14:45:15.673506+01:00,rejected,2024-05-05T14:45:19.43315+01:00,01HX4FZY2EM4NS8VN1QJWGTE2M,2024-05-05T14:45:15.673506+01:00,,,0,2024-05-05T14:45:22.007855+01:00,01HX4G08H27WTV73DTRM07M9SN,2024-05-05T14:45:15.673506+01:00,01HX4G0G2VY1Z4XG0HWCSS24GF,2024-05-05T14:45:15.673506+01:00,,
01HX2A36BNDW9MGT17Y5YPM1YT,01HX29YC2ENG1YFCNRG4TQSS0E,2024-05-04T18:23:12.373378+01:00,accepted,2024-05-04T18:23:16.122942+01:00,01HX29YC2Q3T0F1FENNAFXMD2M,2024-05-04T18:23:12.373378+01:00,,,,,01HX29Z3QAQXEANA525G12YK1Q,2024-05-04T18:23:12.373378+01:00,01HX2A369M6NCJH9PW8F02JPKK,2024-05-04T18:23:12.373378+01:00,,
01HX2AA6K6C2CB0GSAHCSHFATN,01HX2A9BRYE3Z172EEWYRPWF5E,2024-05-04T18:27:01.99027+01:00,rejected,2024-05-04T18:27:02.443726+01:00,01HX2A9BSAZXFGN2DXABEKH32W,2024-05-04T18:27:01.99027+01:00,,,,,01HX2A9WZ182K0SX8NBWXDK8MC,2024-05-04T18:27:01.99027+01:00,01HX2AA045GKKQWW25M0ASD57G,2024-05-04T18:27:01.99027+01:00,,
01HX2AA7204DTTRW7EAZ1R60VK,01HX2A9BRYE3Z172EEWYRPWF5E,2024-05-04T18:27:02.464204+01:00,accepted,2024-05-04T18:27:02.985554+01:00,01HX2A9BSAZXFGN2DXABEKH32W,2024-05-04T18:27:02.464204+01:00,,,,,01HX2A9WZ182K0SX8NBWXDK8MC,2024-05-04T18:27:02.464204+01:00,01HX2AA04713ZZW2GQ83KBRK85,2024-05-04T18:27:02.464204+01:00,,
01HX4487GDFPEXTPB2Q0VJVR0C,01HX446MKVJGJWX5QSBG0KCCBW,2024-05-05T11:19:34.797131+01:00,rejected,2024-05-05T11:19:37.187928+01:00,01HX446MMBFSN73P919AVGP9V6,2024-05-05T11:19:34.797131+01:00,,,,,01HX447CMN1V2XP1MXCZT2JG5K,2024-05-05T11:19:34.797131+01:00,01HX447M49WNZZD5N0Y6E61HTP,2024-05-05T11:19:34.797131+01:00,,
01HX44Q6SBXJF686ZQQGWS621M,01HX44N7QA09AAPSM86CP03CH4,2024-05-05T11:27:45.579423+01:00,accepted,2024-05-05T11:27:48.87965+01:00,01HX44N7QT05TWRYF3A5FZDEAS,2024-05-05T11:27:45.579423+01:00,,,,,01HX44NXTSD8FVQN1GX99S06DB,2024-05-05T11:27:45.579423+01:00,01HX44P7X9NTRH49B9VMY5KMGG,2024-05-05T11:27:45.579423+01:00,,
01HX45C4YVVK82KDNZTS5250K9,01HX45AC0QQVMS1PCXN2225449,2024-05-05T11:39:11.835789+01:00,accepted,2024-05-05T11:39:14.109514+01:00,01HX45AC1893E9C76KDBEASN0R,2024-05-05T11:39:11.835789+01:00,,,,,01HX45AWWYHMJNGXWAXT16N2J7,2024-05-05T11:39:11.835789+01:00,01HX45B45DVPR3KVGAGDDG45JA,2024-05-05T11:39:11.835789+01:00,,
01HX4DW3XGW4WE9958RJZFTCR7,01HX4DV59VK2YR0QV9CX3TKJ4T,2024-05-05T14:07:43.664753+01:00,rejected,2024-05-05T14:07:45.445745+01:00,01HX4DV5ABKRR7808MND32WE52,2024-05-05T14:07:43.664753+01:00,,,0,2024-05-05T14:07:48.751118+01:00,01HX4DVHXQNZ7V4AJFJB4XK3PZ,2024-05-05T14:07:43.664753+01:00,01HX4DVRX94N9X2V1V7J930J5X,2024-05-05T14:07:43.664753+01:00,,
01HX4G493N3V6D1YS74MGYRGBG,01HX4G1V1YYYM47WA3APANBFBT,2024-05-05T14:47:08.277072+01:00,rejected,2024-05-05T14:47:10.035347+01:00,01HX4G1V29J2SJ21SH1BB6EG5G,2024-05-05T14:47:08.277072+01:00,,,0,2024-05-05T14:47:12.570153+01:00,01HX4G3SYWR22VRB2XC8EZ4WJ7,2024-05-05T14:47:08.277072+01:00,01HX4G40QF6GTGRFZRKJ72A4YX,2024-05-05T14:47:08.277072+01:00,,
01HX4G4JH3S1MQJWTR0HG3JC57,01HX4G1V1YYYM47WA3APANBFBT,2024-05-05T14:47:17.923217+01:00,rejected,2024-05-05T14:47:20.3173+01:00,01HX4G1V29J2SJ21SH1BB6EG5G,2024-05-05T14:47:17.923217+01:00,,,0,2024-05-05T14:47:21.370141+01:00,01HX4G3NRNEZBT0VHA0VBT073F,2024-05-05T14:47:17.923217+01:00,01HX4G40QGBBZCM3MD5KV5P39N,2024-05-05T14:47:17.923217+01:00,,
01HX2AH1PF8EWRCHPE7QHA66ZV,01HX2AGH3A5HMME7XP3QHYYM3V,2024-05-04T18:30:46.351307+01:00,rejected,2024-05-04T18:30:47.173919+01:00,01HX2AGH3NZAA6FKFCX5A4KJCE,2024-05-04T18:30:46.351307+01:00,,,,,01HX2AGVYXGS1C1Q7FJ32K7GC8,2024-05-04T18:30:46.351307+01:00,01HX2AGYPEBP07NR9WX2SYZ5G8,2024-05-04T18:30:46.351307+01:00,,
01HX447MBP77VF0K147VBC5BXG,01HX446MKVJGJWX5QSBG0KCCBW,2024-05-05T11:19:15.190726+01:00,rejected,2024-05-05T11:19:25.779752+01:00,01HX446MMBFSN73P919AVGP9V6,2024-05-05T11:19:15.190726+01:00,,,,,01HX447CMN1V2XP1MXCZT2JG5K,2024-05-05T11:19:15.190726+01:00,01HX447M45DGC2554D42AX0YZC,2024-05-05T11:19:15.190726+01:00,,
01HX448MCJ6M6QQ4ZQQG5ZW96G,01HX446MKVJGJWX5QSBG0KCCBW,2024-05-05T11:19:47.986492+01:00,accepted,2024-05-05T11:19:50.531247+01:00,01HX446MMBFSN73P919AVGP9V6,2024-05-05T11:19:47.986492+01:00,,,,,01HX447ASAE9FPNFATTN1VP4TE,2024-05-05T11:19:47.986492+01:00,01HX447M4BACCAGCEET20N3BAV,2024-05-05T11:19:47.986492+01:00,,
01HX4G11BB8QRRGD5K2SND65HB,01HX4FZY1X90CAB3Q3VVAGGWMZ,2024-05-05T14:45:22.027653+01:00,rejected,2024-05-05T14:45:24.297113+01:00,01HX4FZY2EM4NS8VN1QJWGTE2M,2024-05-05T14:45:22.027653+01:00,,,0,2024-05-05T14:45:25.339015+01:00,01HX4G08H27WTV73DTRM07M9SN,2024-05-05T14:45:22.027653+01:00,01HX4G0G2WWZSZZVJREG7D5NW6,2024-05-05T14:45:22.027653+01:00,,
01HX4G4JH4TWEJKNE6DDS4HJ0R,01HX4G1V1YYYM47WA3APANBFBT,2024-05-05T14:47:17.924048+01:00,accepted,2024-05-05T14:47:18.900755+01:00,01HX4G1V29J2SJ21SH1BB6EG5G,2024-05-05T14:47:17.924048+01:00,,,0,2024-05-05T14:47:21.370141+01:00,01HX4G3SYWR22VRB2XC8EZ4WJ7,2024-05-05T14:47:17.924048+01:00,01HX4G40QGBBZCM3MD5KV5P39N,2024-05-05T14:47:17.924048+01:00,,
01HX447YQF5HVFMDQH7D6BP0AN,01HX446MKVJGJWX5QSBG0KCCBW,2024-05-05T11:19:25.807729+01:00,accepted,2024-05-05T11:19:26.728178+01:00,01HX446MMBFSN73P919AVGP9V6,2024-05-05T11:19:25.807729+01:00,,,,,01HX447CMN1V2XP1MXCZT2JG5K,2024-05-05T11:19:25.807729+01:00,01HX447M48GGQCXAHD5KFRYP1K,2024-05-05T11:19:25.807729+01:00,,
01HX45FHXT8DMN0P315F6FEZ8R,01HX45EH5ZPXXCE31NY9NVJJHE,2024-05-05T11:41:03.418095+01:00,rejected,2024-05-05T11:41:04.319372+01:00,01HX45EH6EACD2X3X27YPYQKPY,2024-05-05T11:41:03.418095+01:00,,,,,01HX45ERECF48CFD7TJDG4MTAF,2024-05-05T11:41:03.418095+01:00,01HX45F3123VM9XFVSM4T6GVH8,2024-05-05T11:41:03.418095+01:00,,
01HX4G11BB8QRRGD5K2KP12E3E,01HX4FZY1X90CAB3Q3VVAGGWMZ,2024-05-05T14:45:22.027222+01:00,rejected,2024-05-05T14:45:23.032517+01:00,01HX4FZY2EM4NS8VN1QJWGTE2M,2024-05-05T14:45:22.027222+01:00,,,0,2024-05-05T14:45:25.339015+01:00,01HX4G0770PSA0XPZ8BVM1M1G3,2024-05-05T14:45:22.027222+01:00,01HX4G0G2WWZSZZVJREG7D5NW6,2024-05-05T14:45:22.027222+01:00,,
01HX4G45K8NRATP9FNMJJM4TF1,01HX4G1V1YYYM47WA3APANBFBT,2024-05-05T14:47:04.680694+01:00,accepted,2024-05-05T14:47:05.667603+01:00,01HX4G1V29J2SJ21SH1BB6EG5G,2024-05-05T14:47:04.680694+01:00,,,1,2024-05-05T14:47:08.254191+01:00,01HX4G3SYWR22VRB2XC8EZ4WJ7,2024-05-05T14:47:04.680694+01:00,01HX4G40QF6GTGRFZRK1YAEEJ4,2024-05-05T14:47:04.680694+01:00,,
01HX1PDMDGWB3MFPY74HS8Y6KV,01HX1HCQHP27QE0H7HDPTAJDEG,2024-05-04T12:39:22.928154+01:00,,,01HX1HCQJA9RTHYH65K5JBA2W9,2024-05-04T12:39:22.928154+01:00,1188,2024-05-04T12:39:25.901772+01:00,,,01HX1PDHB7X8G2SBGEYY749074,2024-05-04T12:39:22.928154+01:00,01HX1PDMAR2CK1G4CT5BH6KTEK,2024-05-04T12:39:22.928154+01:00,1,2024-05-04T12:39:27.131872+01:00
01HX45B4BF6ZQWG72NJN56WT84,01HX45AC0QQVMS1PCXN2225449,2024-05-05T11:38:38.447835+01:00,accepted,2024-05-05T11:38:40.455136+01:00,01HX45AC1893E9C76KDBEASN0R,2024-05-05T11:38:38.447835+01:00,,,,,01HX45AWWYHMJNGXWAXT16N2J7,2024-05-05T11:38:38.447835+01:00,01HX45B457588G8Y5M0PGY0BVR,2024-05-05T11:38:38.447835+01:00,,
01HX45BYVP9N2BM4ARQ73HBBFC,01HX45AC0QQVMS1PCXN2225449,2024-05-05T11:39:05.590279+01:00,rejected,2024-05-05T11:39:06.753634+01:00,01HX45AC1893E9C76KDBEASN0R,2024-05-05T11:39:05.590279+01:00,,,,,01HX45APPEY0ADJ3XXY6XRXR9P,2024-05-05T11:39:05.590279+01:00,01HX45B45A5295WT4EB9S6N9SQ,2024-05-05T11:39:05.590279+01:00,,
01HX2018E6XTM3APB78YPC21YY,01HX1ZZX7WGMXFX6TAF91CRE86,2024-05-04T15:27:23.2065+01:00,accepted,2024-05-04T15:27:27.843161+01:00,01HX1ZZX8B6V8RSA91RYM9WVZ3,2024-05-04T15:27:23.2065+01:00,,,,,01HX2012STVTNM1M22T0GM811S,2024-05-04T15:27:23.2065+01:00,01HX2018C3KEHCNFN10SFRRF9E,2024-05-04T15:27:23.2065+01:00,,
01HX2AA4F15GXRP92RH5V7DE5Z,01HX2A9BRYE3Z172EEWYRPWF5E,2024-05-04T18:26:59.809745+01:00,accepted,2024-05-04T18:27:00.834305+01:00,01HX2A9BSAZXFGN2DXABEKH32W,2024-05-04T18:26:59.809745+01:00,,,,,01HX2A9WZ182K0SX8NBWXDK8MC,2024-05-04T18:26:59.809745+01:00,01HX2AA045GKKQWW25JNGA2WT2,2024-05-04T18:26:59.809745+01:00,,
01HX45FD2HMVVC7S89G2BGWHC7,01HX45EH5ZPXXCE31NY9NVJJHE,2024-05-05T11:40:58.449826+01:00,accepted,2024-05-05T11:40:59.889413+01:00,01HX45EH6EACD2X3X27YPYQKPY,2024-05-05T11:40:58.449826+01:00,,,,,01HX45ERECF48CFD7TJDG4MTAF,2024-05-05T11:40:58.449826+01:00,01HX45F31159FA74TPZBBWFAM5,2024-05-05T11:40:58.449826+01:00,,
01HX46S9N67KTQZVWV09W8DXYM,01HX46R6J0CPVE2XPVDHGKQFXT,2024-05-05T12:03:51.206421+01:00,accepted,2024-05-05T12:03:52.772667+01:00,01HX46R6JEQYB8J3H54JPVRE70,2024-05-05T12:03:51.206421+01:00,,,1,2024-05-05T12:03:56.421234+01:00,01HX46RHYYQ7XTNYK3Q3GX0EBV,2024-05-05T12:03:51.206421+01:00,01HX46RX32XJJ60858J0G5FMX5,2024-05-05T12:03:51.206421+01:00,,
01HX1TBC9HF17R04ZQBBJ9BPAN,01HX1T45TVHE4MAEXX694T64SM,2024-05-04T13:48:03.377221+01:00,,,01HX1T45VEMA5YR5ECD1GY8JSM,2024-05-04T13:48:03.377221+01:00,,,,,01HX1TB7V7PK12VM4MS9CQXEFS,2024-05-04T13:48:03.377221+01:00,01HX1TBC7NDJR0HP51YFEV35DY,2024-05-04T13:48:03.377221+01:00,,
01HX42SBBFSXPHM67WJBHAAR0K,01HX42RYJBMDJF8TCTFP4ZG762,2024-05-05T10:53:58.639253+01:00,accepted,2024-05-05T10:54:01.380631+01:00,01HX42RYJYCKH5SRD15XTVHHQM,2024-05-05T10:53:58.639253+01:00,,,,,01HX42S832Q9PJEWT3DRCHP8S1,2024-05-05T10:53:58.639253+01:00,01HX42SB3Q9A4EGZ1DXRBX1DPT,2024-05-05T10:53:58.639253+01:00,,
01HX42SFTZZFXDE8ZMHXJ555SF,01HX42RYJBMDJF8TCTFP4ZG762,2024-05-05T10:54:03.23111+01:00,accepted,2024-05-05T10:54:03.786413+01:00,01HX42RYJYCKH5SRD15XTVHHQM,2024-05-05T10:54:03.23111+01:00,,,,,01HX42S832Q9PJEWT3DRCHP8S1,2024-05-05T10:54:03.23111+01:00,01HX42SB3V504891NBXW4STENH,2024-05-05T10:54:03.23111+01:00,,
01HX4DVS354G4BYRMBGDAKWFPX,01HX4DV59VK2YR0QV9CX3TKJ4T,2024-05-05T14:07:32.581485+01:00,,,01HX4DV5ABKRR7808MND32WE52,2024-05-05T14:07:32.581485+01:00,,,0,2024-05-05T14:07:43.645529+01:00,01HX4DVHXQNZ7V4AJFJB4XK3PZ,2024-05-05T14:07:32.581485+01:00,01HX4DVRX8992DM83VGCMEWQBT,2024-05-05T14:07:32.581485+01:00,,
01HX2A484SC66FQQ8MSNHYBHGG,01HX2A3XGH7D1YESX3PJ212J9R,2024-05-04T18:23:46.969572+01:00,rejected,2024-05-04T18:23:49.221723+01:00,01HX2A3XGXYMH5T0AEYA1STYAV,2024-05-04T18:23:46.969572+01:00,,,,,01HX2A45ECZMRTYPNMT7YK7QK6,2024-05-04T18:23:46.969572+01:00,01HX2A4833SX34RAS2KVC7WNZJ,2024-05-04T18:23:46.969572+01:00,,
01HX2AA7K0QZ7TVKS7ETHGKC8P,01HX2A9BRYE3Z172EEWYRPWF5E,2024-05-04T18:27:03.008158+01:00,rejected,2024-05-04T18:27:03.510354+01:00,01HX2A9BSAZXFGN2DXABEKH32W,2024-05-04T18:27:03.008158+01:00,,,,,01HX2A9WZ182K0SX8NBWXDK8MC,2024-05-04T18:27:03.008158+01:00,01HX2AA04713ZZW2GQ93QDK755,2024-05-04T18:27:03.008158+01:00,,
01HX44YF1R46QWRXEZZ7KH2JJZ,01HX44WX8RR73JN18XRYGYGKZ6,2024-05-05T11:31:43.416762+01:00,rejected,2024-05-05T11:31:45.458214+01:00,01HX44WX97JHV2G0GCTP7X2MCB,2024-05-05T11:31:43.416762+01:00,,,,,01HX44XCPCQJF741FAQPFQ0PFD,2024-05-05T11:31:43.416762+01:00,01HX44XJ9Y414N2E3XGYNJRESM,2024-05-05T11:31:43.416762+01:00,,
01HX4CKPAMYXCXJ4Q2T5WRG695,01HX4CJZN95KJTA31S4J4HZ0PE,2024-05-05T13:45:39.028521+01:00,rejected,2024-05-05T13:45:43.071027+01:00,01HX4CJZNNWSWX27P2WJPMC7YE,2024-05-05T13:45:39.028521+01:00,,,0,2024-05-05T13:45:45.107834+01:00,01HX4CKE858GAE98MVX166R2SM,2024-05-05T13:45:39.028521+01:00,01HX4CKP4QYR5VEATES027CKQE,2024-05-05T13:45:39.028521+01:00,,
01HX2AH57M8CS2PJDKKA8SGMPZ,01HX2AGH3A5HMME7XP3QHYYM3V,2024-05-04T18:30:49.972107+01:00,accepted,2024-05-04T18:30:50.606499+01:00,01HX2AGH3NZAA6FKFCX5A4KJCE,2024-05-04T18:30:49.972107+01:00,,,,,01HX2AGVYXGS1C1Q7FJ32K7GC8,2024-05-04T18:30:49.972107+01:00,01HX2AGYPHWRY7MAGRC7CD26R7,2024-05-04T18:30:49.972107+01:00,,
01HX448MCJ6M6QQ4ZQQRGV75XF,01HX446MKVJGJWX5QSBG0KCCBW,2024-05-05T11:19:47.986857+01:00,accepted,2024-05-05T11:19:49.267678+01:00,01HX446MMBFSN73P919AVGP9V6,2024-05-05T11:19:47.986857+01:00,,,,,01HX447CMN1V2XP1MXCZT2JG5K,2024-05-05T11:19:47.986857+01:00,01HX447M4BACCAGCEET20N3BAV,2024-05-05T11:19:47.986857+01:00,,
01HX4DW8X37B725CMVF3756DNW,01HX4DV59VK2YR0QV9CX3TKJ4T,2024-05-05T14:07:48.771376+01:00,accepted,2024-05-05T14:07:51.036168+01:00,01HX4DV5ABKRR7808MND32WE52,2024-05-05T14:07:48.771376+01:00,,,1,2024-05-05T14:07:52.087076+01:00,01HX4DVKJ6B5S3KRMVAA63JD3F,2024-05-05T14:07:48.771376+01:00,01HX4DVRX94N9X2V1V824VDKSW,2024-05-05T14:07:48.771376+01:00,,
01HX2AA8393KVMDPAA6AQM6XFJ,01HX2A9BRYE3Z172EEWYRPWF5E,2024-05-04T18:27:03.529758+01:00,accepted,2024-05-04T18:27:04.068455+01:00,01HX2A9BSAZXFGN2DXABEKH32W,2024-05-04T18:27:03.529758+01:00,,,,,01HX2A9WZ182K0SX8NBWXDK8MC,2024-05-04T18:27:03.529758+01:00,01HX2AA04713ZZW2GQ8P3THJRE,2024-05-04T18:27:03.529758+01:00,,
01HX4489VZXFEN6BFDYESD9M7D,01HX446MKVJGJWX5QSBG0KCCBW,2024-05-05T11:19:37.215334+01:00,rejected,2024-05-05T11:19:40.00108+01:00,01HX446MMBFSN73P919AVGP9V6,2024-05-05T11:19:37.215334+01:00,,,,,01HX447ASAE9FPNFATTN1VP4TE,2024-05-05T11:19:37.215334+01:00,01HX447M4ATJFZMC9MZ6WRZ4HF,2024-05-05T11:19:37.215334+01:00,,
01HX42SFABTF68DYBX40CA50WD,01HX42RYJBMDJF8TCTFP4ZG762,2024-05-05T10:54:02.699434+01:00,rejected,2024-05-05T10:54:03.211724+01:00,01HX42RYJYCKH5SRD15XTVHHQM,2024-05-05T10:54:02.699434+01:00,,,,,01HX42S832Q9PJEWT3DRCHP8S1,2024-05-05T10:54:02.699434+01:00,01HX42SB3TT97RJMGN6QF6F2H5,2024-05-05T10:54:02.699434+01:00,,
01HX447YQF5HVFMDQH6ZYJMZ4C,01HX446MKVJGJWX5QSBG0KCCBW,2024-05-05T11:19:25.807397+01:00,rejected,2024-05-05T11:19:28.289775+01:00,01HX446MMBFSN73P919AVGP9V6,2024-05-05T11:19:25.807397+01:00,,,,,01HX447ASAE9FPNFATTN1VP4TE,2024-05-05T11:19:25.807397+01:00,01HX447M48GGQCXAHD5KFRYP1K,2024-05-05T11:19:25.807397+01:00,,
01HX44Y3GV59XEQEMSSV3PQJ0F,01HX44WX8RR73JN18XRYGYGKZ6,2024-05-05T11:31:31.611381+01:00,rejected,2024-05-05T11:31:32.940983+01:00,01HX44WX97JHV2G0GCTP7X2MCB,2024-05-05T11:31:31.611381+01:00,,,,,01HX44XB8CFYYZSRPZ3KM6WN9G,2024-05-05T11:31:31.611381+01:00,01HX44XJ9Y414N2E3XG0XVQA89,2024-05-05T11:31:31.611381+01:00,,
01HX45BC8X2CDTCVY9N79HSFYA,01HX45AC0QQVMS1PCXN2225449,2024-05-05T11:38:46.55729+01:00,rejected,2024-05-05T11:38:47.789071+01:00,01HX45AC1893E9C76KDBEASN0R,2024-05-05T11:38:46.55729+01:00,,,,,01HX45AWWYHMJNGXWAXT16N2J7,2024-05-05T11:38:46.55729+01:00,01HX45B459Q64JRGBNCEH6ZWPN,2024-05-05T11:38:46.55729+01:00,,
01HX2AH0GJR0HQPVPPYED5PZ9W,01HX2AGH3A5HMME7XP3QHYYM3V,2024-05-04T18:30:45.139026+01:00,rejected,2024-05-04T18:30:46.332249+01:00,01HX2AGH3NZAA6FKFCX5A4KJCE,2024-05-04T18:30:45.139026+01:00,,,,,01HX2AGVYXGS1C1Q7FJ32K7GC8,2024-05-04T18:30:45.139026+01:00,01HX2AGYPCCP1GBD44ZZ36RNE0,2024-05-04T18:30:45.139026+01:00,,
01HX42SEPBM8R7FC1F731ZS1WY,01HX42RYJBMDJF8TCTFP4ZG762,2024-05-05T10:54:02.059199+01:00,accepted,2024-05-05T10:54:02.678983+01:00,01HX42RYJYCKH5SRD15XTVHHQM,2024-05-05T10:54:02.059199+01:00,,,,,01HX42S832Q9PJEWT3DRCHP8S1,2024-05-05T10:54:02.059199+01:00,01HX42SB3SA5T206H380S3VST5,2024-05-05T10:54:02.059199+01:00,,
01HX44XX9FYNM0WYMBBS71AQ20,01HX44WX8RR73JN18XRYGYGKZ6,2024-05-05T11:31:25.231725+01:00,accepted,2024-05-05T11:31:28.123371+01:00,01HX44WX97JHV2G0GCTP7X2MCB,2024-05-05T11:31:25.231725+01:00,,,,,01HX44XCPCQJF741FAQPFQ0PFD,2024-05-05T11:31:25.231725+01:00,01HX44XJ9Y414N2E3XGFWRMP0F,2024-05-05T11:31:25.231725+01:00,,
01HX44PRMHWWMVPBR4XZDMQW9G,01HX44N7QA09AAPSM86CP03CH4,2024-05-05T11:27:31.089167+01:00,rejected,2024-05-05T11:27:33.358208+01:00,01HX44N7QT05TWRYF3A5FZDEAS,2024-05-05T11:27:31.089167+01:00,,,,,01HX44NXTSD8FVQN1GX99S06DB,2024-05-05T11:27:31.089167+01:00,01HX44P7X9NTRH49B9V2TNSY21,2024-05-05T11:27:31.089167+01:00,,
01HX45F37HX7RWTAMJ5XPQR928,01HX45EH5ZPXXCE31NY9NVJJHE,2024-05-05T11:40:48.369148+01:00,accepted,2024-05-05T11:40:49.737756+01:00,01HX45EH6EACD2X3X27YPYQKPY,2024-05-05T11:40:48.369148+01:00,,,,,01HX45ERECF48CFD7TJDG4MTAF,2024-05-05T11:40:48.369148+01:00,01HX45F310V3V1WXJ6Z9EVS056,2024-05-05T11:40:48.369148+01:00,,
01HX46S45VJYVPGQYR9B4QAAVB,01HX46R6J0CPVE2XPVDHGKQFXT,2024-05-05T12:03:45.595228+01:00,accepted,2024-05-05T12:03:49.12954+01:00,01HX46R6JEQYB8J3H54JPVRE70,2024-05-05T12:03:45.595228+01:00,,,1,2024-05-05T12:03:51.186156+01:00,01HX46RHYYQ7XTNYK3Q3GX0EBV,2024-05-05T12:03:45.595228+01:00,01HX46RX31JPZB7FMJTJ4WRF9J,2024-05-05T12:03:45.595228+01:00,,
01HX2AA615AVD3BBGM75CFMTC8,01HX2A9BRYE3Z172EEWYRPWF5E,2024-05-04T18:27:01.413622+01:00,accepted,2024-05-04T18:27:01.959747+01:00,01HX2A9BSAZXFGN2DXABEKH32W,2024-05-04T18:27:01.413622+01:00,,,,,01HX2A9WZ182K0SX8NBWXDK8MC,2024-05-04T18:27:01.413622+01:00,01HX2AA045GKKQWW25KP1K8M6J,2024-05-04T18:27:01.413622+01:00,,
01HX2AH3694HPVEBDDQ1FKWPAW,01HX2AGH3A5HMME7XP3QHYYM3V,2024-05-04T18:30:47.881413+01:00,rejected,2024-05-04T18:30:48.415189+01:00,01HX2AGH3NZAA6FKFCX5A4KJCE,2024-05-04T18:30:47.881413+01:00,,,,,01HX2AGVYXGS1C1Q7FJ32K7GC8,2024-05-04T18:30:47.881413+01:00,01HX2AGYPFD9B6GYB7SFQR8W7D,2024-05-04T18:30:47.881413+01:00,,
01HX44815Q47FRZYA6WNXB8X1P,01HX446MKVJGJWX5QSBG0KCCBW,2024-05-05T11:19:28.311995+01:00,rejected,2024-05-05T11:19:29.674744+01:00,01HX446MMBFSN73P919AVGP9V6,2024-05-05T11:19:28.311995+01:00,,,,,01HX447ASAE9FPNFATTN1VP4TE,2024-05-05T11:19:28.311995+01:00,01HX447M49WNZZD5N0XRADDTB6,2024-05-05T11:19:28.311995+01:00,,
01HX44PRMG2HCYY06YQ7SRMB58,01HX44N7QA09AAPSM86CP03CH4,2024-05-05T11:27:31.088818+01:00,accepted,2024-05-05T11:27:35.512665+01:00,01HX44N7QT05TWRYF3A5FZDEAS,2024-05-05T11:27:31.088818+01:00,,,,,01HX44NZDE97GWSYN8FM2Z78S8,2024-05-05T11:27:31.088818+01:00,01HX44P7X9NTRH49B9V2TNSY21,2024-05-05T11:27:31.088818+01:00,,
01HX44R1GBYG5EAM5PT5MVP5YY,01HX44N7QA09AAPSM86CP03CH4,2024-05-05T11:28:12.939459+01:00,accepted,2024-05-05T11:28:15.061987+01:00,01HX44N7QT05TWRYF3A5FZDEAS,2024-05-05T11:28:12.939459+01:00,,,,,01HX44NXTSD8FVQN1GX99S06DB,2024-05-05T11:28:12.939459+01:00,01HX44P7XB27YVQ6WTNYG6K414,2024-05-05T11:28:12.939459+01:00,,
01HX44XJGRXX6MT25YJ8B8JQ9V,01HX44WX8RR73JN18XRYGYGKZ6,2024-05-05T11:31:14.20087+01:00,rejected,2024-05-05T11:31:20.206343+01:00,01HX44WX97JHV2G0GCTP7X2MCB,2024-05-05T11:31:14.20087+01:00,,,,,01HX44XCPCQJF741FAQPFQ0PFD,2024-05-05T11:31:14.20087+01:00,01HX44XJ9V58SXS67DRC9TN5D8,2024-05-05T11:31:14.20087+01:00,,
01HX44Y3GWF2MXZ6X03ZQ1A70R,01HX44WX8RR73JN18XRYGYGKZ6,2024-05-05T11:31:31.612073+01:00,rejected,2024-05-05T11:31:34.691548+01:00,01HX44WX97JHV2G0GCTP7X2MCB,2024-05-05T11:31:31.612073+01:00,,,,,01HX44XCPCQJF741FAQPFQ0PFD,2024-05-05T11:31:31.612073+01:00,01HX44XJ9Y414N2E3XG0XVQA89,2024-05-05T11:31:31.612073+01:00,,
01HX4CKW9B02QG4QBAYVBXA343,01HX4CJZN95KJTA31S4J4HZ0PE,2024-05-05T13:45:45.131461+01:00,accepted,2024-05-05T13:45:47.784625+01:00,01HX4CJZNNWSWX27P2WJPMC7YE,2024-05-05T13:45:45.131461+01:00,,,1,2024-05-05T13:45:49.819065+01:00,01HX4CKE858GAE98MVX166R2SM,2024-05-05T13:45:45.131461+01:00,01HX4CKP4R2TXJWSKA2JYY3F78,2024-05-05T13:45:45.131461+01:00,,
01HX4G17X3N3K6R27M00VNG61Y,01HX4FZY1X90CAB3Q3VVAGGWMZ,2024-05-05T14:45:28.739541+01:00,accepted,2024-05-05T14:45:30.963559+01:00,01HX4FZY2EM4NS8VN1QJWGTE2M,2024-05-05T14:45:28.739541+01:00,,,1,2024-05-05T14:45:32.008795+01:00,01HX4G08H27WTV73DTRM07M9SN,2024-05-05T14:45:28.739541+01:00,01HX4G0G2XAH5E6FD2A2QJ28SH,2024-05-05T14:45:28.739541+01:00,,
