id,batchID,batchIDLastChangedAt,gameID,gameIDLastChangedAt,playerID,playerIDLastChangedAt,roundID,roundIDLastChangedAt,stageID,stageIDLastChangedAt,submit,submitLastChangedAt
01J0GBA43T126JX9XDHC8ZF6WF,01J0GB96WZJ7WQ993C4EFXG7JC,2024-06-16T11:00:55.547000116Z,01J0GB96Y0DRVHTR80GMKNWZSJ,2024-06-16T11:00:55.547000116Z,01J0GBA0JG281G5XDXEA05470D,2024-06-16T11:00:55.547000116Z,01J0GBA3A08F5XDXEYA71F5R73,2024-06-16T11:00:55.547000116Z,01J0GBA3B0EX9X0498XJ3TESAK,2024-06-16T11:00:55.547000116Z,true,2024-06-16T11:00:56.926500249Z
01J0GBA5FR7GDYJPQNTXP601HK,01J0GB96WZJ7WQ993C4EFXG7JC,2024-06-16T11:00:56.952177992Z,01J0GB96Y0DRVHTR80GMKNWZSJ,2024-06-16T11:00:56.952177992Z,01J0GBA0JG281G5XDXEA05470D,2024-06-16T11:00:56.952177992Z,01J0GBA3A08F5XDXEYA71F5R73,2024-06-16T11:00:56.952177992Z,01J0GBA3B0EX9X0498Y666Q6BX,2024-06-16T11:00:56.952177992Z,true,2024-06-16T11:01:03.359384244Z
01J0GBB1E1283Y23CZGA6TN6J9,01J0GB96WZJ7WQ993C4EFXG7JC,2024-06-16T11:01:25.569912529Z,01J0GB96Y0DRVHTR80GMKNWZSJ,2024-06-16T11:01:25.569912529Z,01J0GBA0JG281G5XDXEA05470D,2024-06-16T11:01:25.569912529Z,01J0GBA3A1Q1A58VNC7QP16FGQ,2024-06-16T11:01:25.569912529Z,01J0GBA3DME9RFVTHFK7A82GP7,2024-06-16T11:01:25.569912529Z,true,2024-06-16T11:01:27.361115767Z
01J0GBB7JS7J33VXB4R5XT1DNZ,01J0GB96WZJ7WQ993C4EFXG7JC,2024-06-16T11:01:31.865381926Z,01J0GB96Y0DRVHTR80GMKNWZSJ,2024-06-16T11:01:31.865381926Z,01J0GBA0JG281G5XDXEA05470D,2024-06-16T11:01:31.865381926Z,01J0GBA3A1Q1A58VNC7QP16FGQ,2024-06-16T11:01:31.865381926Z,01J0GBA3DN42MR6N7N65BSEV4D,2024-06-16T11:01:31.865381926Z,true,2024-06-16T11:01:37.114426602Z
01J0GBC0FNQJHZH552VM330066,01J0GB96WZJ7WQ993C4EFXG7JC,2024-06-16T11:01:57.365198059Z,01J0GB96Y0DRVHTR80GMKNWZSJ,2024-06-16T11:01:57.365198059Z,01J0GBA0JG281G5XDXEA05470D,2024-06-16T11:01:57.365198059Z,01J0GBA3A7VJWGTDWD4WABA39C,2024-06-16T11:01:57.365198059Z,01J0GBA3ETVVECB7YSK7Y1S6YK,2024-06-16T11:01:57.365198059Z,true,2024-06-16T11:02:05.44634284Z
01J0GBEEM1NPC4TP14ZQHWBYP7,01J0GB96WZJ7WQ993C4EFXG7JC,2024-06-16T11:03:17.377545479Z,01J0GB96Y3KJMXZEK2KTB077C4,2024-06-16T11:03:17.377545479Z,01J0GBA0JG281G5XDXEA05470D,2024-06-16T11:03:17.377545479Z,01J0GBDF118DRTYQZCSGFZK36G,2024-06-16T11:03:17.377545479Z,01J0GBDF414KN6M1NDRKCQEMFS,2024-06-16T11:03:17.377545479Z,true,2024-06-16T11:03:18.865701377Z
01J0GBAPKAMG53HXQ3W7BBVX1T,01J0GB96WZJ7WQ993C4EFXG7JC,2024-06-16T11:01:14.474459395Z,01J0GB96Y0DRVHTR80GMKNWZSJ,2024-06-16T11:01:14.474459395Z,01J0GBA0JG281G5XDXEA05470D,2024-06-16T11:01:14.474459395Z,01J0GBA3A1Q1A58VNC7QP16FGQ,2024-06-16T11:01:14.474459395Z,01J0GBA3DJ9A0ATRF3SE8R201J,2024-06-16T11:01:14.474459395Z,true,2024-06-16T11:01:16.041947541Z
01J0GBBKE56V5JQMZT3QAHJ35T,01J0GB96WZJ7WQ993C4EFXG7JC,2024-06-16T11:01:44.005716172Z,01J0GB96Y0DRVHTR80GMKNWZSJ,2024-06-16T11:01:44.005716172Z,01J0GBA0JG281G5XDXEA05470D,2024-06-16T11:01:44.005716172Z,01J0GBA3A1Q1A58VNC7QP16FGQ,2024-06-16T11:01:44.005716172Z,01J0GBA3DPTVCHG84QH7XHTMSZ,2024-06-16T11:01:44.005716172Z,true,2024-06-16T11:01:45.486086885Z
01J0GBDFREYJ5RNWP152N53MWD,01J0GB96WZJ7WQ993C4EFXG7JC,2024-06-16T11:02:45.774112722Z,01J0GB96Y3KJMXZEK2KTB077C4,2024-06-16T11:02:45.774112722Z,01J0GBA0JG281G5XDXEA05470D,2024-06-16T11:02:45.774112722Z,01J0GBDF0TN3HP6FD5KMWPK68M,2024-06-16T11:02:45.774112722Z,01J0GBDF1REHN58KXHX85H675S,2024-06-16T11:02:45.774112722Z,true,2024-06-16T11:02:46.901876091Z
01J0GBDPJ05PHJ2C48QH2VSKAT,01J0GB96WZJ7WQ993C4EFXG7JC,2024-06-16T11:02:52.736311112Z,01J0GB96Y3KJMXZEK2KTB077C4,2024-06-16T11:02:52.736311112Z,01J0GBA0JG281G5XDXEA05470D,2024-06-16T11:02:52.736311112Z,01J0GBDF0TN3HP6FD5KMWPK68M,2024-06-16T11:02:52.736311112Z,01J0GBDF1SK5X6VZKV488NC7G1,2024-06-16T11:02:52.736311112Z,true,2024-06-16T11:03:02.771350631Z
01J0GBE58ZG8D174JW2H9BTR83,01J0GB96WZJ7WQ993C4EFXG7JC,2024-06-16T11:03:07.807662815Z,01J0GB96Y3KJMXZEK2KTB077C4,2024-06-16T11:03:07.807662815Z,01J0GBA0JG281G5XDXEA05470D,2024-06-16T11:03:07.807662815Z,01J0GBDF118DRTYQZCSGFZK36G,2024-06-16T11:03:07.807662815Z,01J0GBDF414KN6M1NDNRRF2RJB,2024-06-16T11:03:07.807662815Z,true,2024-06-16T11:03:12.841302605Z
01J0GBEA808VKWFQNFDGFM2KAX,01J0GB96WZJ7WQ993C4EFXG7JC,2024-06-16T11:03:12.896883577Z,01J0GB96Y3KJMXZEK2KTB077C4,2024-06-16T11:03:12.896883577Z,01J0GBA0JG281G5XDXEA05470D,2024-06-16T11:03:12.896883577Z,01J0GBDF118DRTYQZCSGFZK36G,2024-06-16T11:03:12.896883577Z,01J0GBDF414KN6M1NDPGP11D9W,2024-06-16T11:03:12.896883577Z,true,2024-06-16T11:03:14.308338522Z
01J0GBAV4THX28YPSVCV2P3BNN,01J0GB96WZJ7WQ993C4EFXG7JC,2024-06-16T11:01:19.130424594Z,01J0GB96Y0DRVHTR80GMKNWZSJ,2024-06-16T11:01:19.130424594Z,01J0GBA0JG281G5XDXEA05470D,2024-06-16T11:01:19.130424594Z,01J0GBA3A1Q1A58VNC7QP16FGQ,2024-06-16T11:01:19.130424594Z,01J0GBA3DKCVG5SWJTFBKCRV9Z,2024-06-16T11:01:19.130424594Z,true,2024-06-16T11:01:25.5320624Z
01J0GBB60RB5CQ6MD400Y973PW,01J0GB96WZJ7WQ993C4EFXG7JC,2024-06-16T11:01:30.264906018Z,01J0GB96Y0DRVHTR80GMKNWZSJ,2024-06-16T11:01:30.264906018Z,01J0GBA0JG281G5XDXEA05470D,2024-06-16T11:01:30.264906018Z,01J0GBA3A1Q1A58VNC7QP16FGQ,2024-06-16T11:01:30.264906018Z,01J0GBA3DME9RFVTHFN35EW6ZH,2024-06-16T11:01:30.264906018Z,true,2024-06-16T11:01:31.836543656Z
01J0GBE0E25YHYZ74PQS0X3D71,01J0GB96WZJ7WQ993C4EFXG7JC,2024-06-16T11:03:02.850775468Z,01J0GB96Y3KJMXZEK2KTB077C4,2024-06-16T11:03:02.850775468Z,01J0GBA0JG281G5XDXEA05470D,2024-06-16T11:03:02.850775468Z,01J0GBDF118DRTYQZCSGFZK36G,2024-06-16T11:03:02.850775468Z,01J0GBDF40751Q49C6NFZXQE2C,2024-06-16T11:03:02.850775468Z,true,2024-06-16T11:03:04.377992877Z
01J0GBE1YVTZ7X4NCYP6AQXH5F,01J0GB96WZJ7WQ993C4EFXG7JC,2024-06-16T11:03:04.411660894Z,01J0GB96Y3KJMXZEK2KTB077C4,2024-06-16T11:03:04.411660894Z,01J0GBA0JG281G5XDXEA05470D,2024-06-16T11:03:04.411660894Z,01J0GBDF118DRTYQZCSGFZK36G,2024-06-16T11:03:04.411660894Z,01J0GBDF40751Q49C6P13F6PE4,2024-06-16T11:03:04.411660894Z,true,2024-06-16T11:03:06.16730242Z
01J0GBED5R50CF1A7RAANQ1MD6,01J0GB96WZJ7WQ993C4EFXG7JC,2024-06-16T11:03:15.896805575Z,01J0GB96Y3KJMXZEK2KTB077C4,2024-06-16T11:03:15.896805575Z,01J0GBA0JG281G5XDXEA05470D,2024-06-16T11:03:15.896805575Z,01J0GBDF118DRTYQZCSGFZK36G,2024-06-16T11:03:15.896805575Z,01J0GBDF414KN6M1NDQV5HGR24,2024-06-16T11:03:15.896805575Z,true,2024-06-16T11:03:17.349673257Z
01J0GBABS5DZT8EF5XS5130PER,01J0GB96WZJ7WQ993C4EFXG7JC,2024-06-16T11:01:03.39804975Z,01J0GB96Y0DRVHTR80GMKNWZSJ,2024-06-16T11:01:03.39804975Z,01J0GBA0JG281G5XDXEA05470D,2024-06-16T11:01:03.39804975Z,01J0GBA3A08F5XDXEYA71F5R73,2024-06-16T11:01:03.39804975Z,01J0GBA3B2PT389WC7ZXPA62T7,2024-06-16T11:01:03.39804975Z,true,2024-06-16T11:01:12.686252331Z
01J0GBBCQWYKA0WGBD8YEAF6ZD,01J0GB96WZJ7WQ993C4EFXG7JC,2024-06-16T11:01:37.148198639Z,01J0GB96Y0DRVHTR80GMKNWZSJ,2024-06-16T11:01:37.148198639Z,01J0GBA0JG281G5XDXEA05470D,2024-06-16T11:01:37.148198639Z,01J0GBA3A1Q1A58VNC7QP16FGQ,2024-06-16T11:01:37.148198639Z,01J0GBA3DN42MR6N7N6QXS21XA,2024-06-16T11:01:37.148198639Z,true,2024-06-16T11:01:38.84947862Z
01J0GBDGWD5VMY3DFZRTQ44KGR,01J0GB96WZJ7WQ993C4EFXG7JC,2024-06-16T11:02:46.925092382Z,01J0GB96Y3KJMXZEK2KTB077C4,2024-06-16T11:02:46.925092382Z,01J0GBA0JG281G5XDXEA05470D,2024-06-16T11:02:46.925092382Z,01J0GBDF0TN3HP6FD5KMWPK68M,2024-06-16T11:02:46.925092382Z,01J0GBDF1SK5X6VZKV3NZ8B78M,2024-06-16T11:02:46.925092382Z,true,2024-06-16T11:02:52.697140234Z
01J0GBEBNFAJ28KTXJH5F74B3A,01J0GB96WZJ7WQ993C4EFXG7JC,2024-06-16T11:03:14.351268818Z,01J0GB96Y3KJMXZEK2KTB077C4,2024-06-16T11:03:14.351268818Z,01J0GBA0JG281G5XDXEA05470D,2024-06-16T11:03:14.351268818Z,01J0GBDF118DRTYQZCSGFZK36G,2024-06-16T11:03:14.351268818Z,01J0GBDF414KN6M1NDQ6M1PMA7,2024-06-16T11:03:14.351268818Z,true,2024-06-16T11:03:15.848749231Z
01J0GBEJPCKRQ9CVWMHP4HW74Y,01J0GB96WZJ7WQ993C4EFXG7JC,2024-06-16T11:03:21.548874571Z,01J0GB96Y3KJMXZEK2KTB077C4,2024-06-16T11:03:21.548874571Z,01J0GBA0JG281G5XDXEA05470D,2024-06-16T11:03:21.548874571Z,01J0GBDF118DRTYQZCSGFZK36G,2024-06-16T11:03:21.548874571Z,01J0GBDF421TVXTF5E52HTTR0K,2024-06-16T11:03:21.548874571Z,true,2024-06-16T11:03:27.009446267Z
01J0GBETY9C11NHZA770R84E5Y,01J0GB96WZJ7WQ993C4EFXG7JC,2024-06-16T11:03:29.993777461Z,01J0GB96Y3KJMXZEK2KTB077C4,2024-06-16T11:03:29.993777461Z,01J0GBA0JG281G5XDXEA05470D,2024-06-16T11:03:29.993777461Z,01J0GBDF118DRTYQZCSGFZK36G,2024-06-16T11:03:29.993777461Z,01J0GBDF4P1C87PTPW06SMVBGA,2024-06-16T11:03:29.993777461Z,true,2024-06-16T11:03:34.32656533Z
01J0GBF0VFVPFJ07YY0CNK7H0E,01J0GB96WZJ7WQ993C4EFXG7JC,2024-06-16T11:03:36.047465457Z,01J0GB96Y3KJMXZEK2KTB077C4,2024-06-16T11:03:36.047465457Z,01J0GBA0JG281G5XDXEA05470D,2024-06-16T11:03:36.047465457Z,01J0GBDF0ZJ6QAAM5K9PQQC3DE,2024-06-16T11:03:36.047465457Z,01J0GBDF5HGJDGH2579EH0V4WZ,2024-06-16T11:03:36.047465457Z,true,2024-06-16T11:03:45.887134216Z
01J0GBAMXR1027EGYKAG102X0E,01J0GB96WZJ7WQ993C4EFXG7JC,2024-06-16T11:01:12.762357756Z,01J0GB96Y0DRVHTR80GMKNWZSJ,2024-06-16T11:01:12.762357756Z,01J0GBA0JG281G5XDXEA05470D,2024-06-16T11:01:12.762357756Z,01J0GBA3A1Q1A58VNC7QP16FGQ,2024-06-16T11:01:12.762357756Z,01J0GBA3DH1PTXHJKAC44EHX2S,2024-06-16T11:01:12.762357756Z,true,2024-06-16T11:01:14.446458034Z
01J0GBBG22K5F4WHZF5D6SHNZR,01J0GB96WZJ7WQ993C4EFXG7JC,2024-06-16T11:01:40.546749535Z,01J0GB96Y0DRVHTR80GMKNWZSJ,2024-06-16T11:01:40.546749535Z,01J0GBA0JG281G5XDXEA05470D,2024-06-16T11:01:40.546749535Z,01J0GBA3A1Q1A58VNC7QP16FGQ,2024-06-16T11:01:40.546749535Z,01J0GBA3DN42MR6N7N7Z645H7N,2024-06-16T11:01:40.546749535Z,true,2024-06-16T11:01:42.277499124Z
01J0GBER20J1ZE6GPAKX8J8C2N,01J0GB96WZJ7WQ993C4EFXG7JC,2024-06-16T11:03:27.040131098Z,01J0GB96Y3KJMXZEK2KTB077C4,2024-06-16T11:03:27.040131098Z,01J0GBA0JG281G5XDXEA05470D,2024-06-16T11:03:27.040131098Z,01J0GBDF118DRTYQZCSGFZK36G,2024-06-16T11:03:27.040131098Z,01J0GBDF4AH0E1EKZ7STAGEZC6,2024-06-16T11:03:27.040131098Z,true,2024-06-16T11:03:28.496846623Z
01J0GBAR5NQECD98HZV3TXK6QS,01J0GB96WZJ7WQ993C4EFXG7JC,2024-06-16T11:01:16.085491987Z,01J0GB96Y0DRVHTR80GMKNWZSJ,2024-06-16T11:01:16.085491987Z,01J0GBA0JG281G5XDXEA05470D,2024-06-16T11:01:16.085491987Z,01J0GBA3A1Q1A58VNC7QP16FGQ,2024-06-16T11:01:16.085491987Z,01J0GBA3DKCVG5SWJTE42RYTN9,2024-06-16T11:01:16.085491987Z,true,2024-06-16T11:01:17.604946588Z
01J0GBB37AR2GXZQ5P7H7KVQ59,01J0GB96WZJ7WQ993C4EFXG7JC,2024-06-16T11:01:27.40272837Z,01J0GB96Y0DRVHTR80GMKNWZSJ,2024-06-16T11:01:27.40272837Z,01J0GBA0JG281G5XDXEA05470D,2024-06-16T11:01:27.40272837Z,01J0GBA3A1Q1A58VNC7QP16FGQ,2024-06-16T11:01:27.40272837Z,01J0GBA3DME9RFVTHFKS47HZ16,2024-06-16T11:01:27.40272837Z,true,2024-06-16T11:01:28.872048986Z
01J0GBBEE18FNSP2KPD9E34BAT,01J0GB96WZJ7WQ993C4EFXG7JC,2024-06-16T11:01:38.881803343Z,01J0GB96Y0DRVHTR80GMKNWZSJ,2024-06-16T11:01:38.881803343Z,01J0GBA0JG281G5XDXEA05470D,2024-06-16T11:01:38.881803343Z,01J0GBA3A1Q1A58VNC7QP16FGQ,2024-06-16T11:01:38.881803343Z,01J0GBA3DN42MR6N7N7BWH44PS,2024-06-16T11:01:38.881803343Z,true,2024-06-16T11:01:40.50976418Z
01J0GBBMYW7TEXZYGMT5ZPER9N,01J0GB96WZJ7WQ993C4EFXG7JC,2024-06-16T11:01:45.564120557Z,01J0GB96Y0DRVHTR80GMKNWZSJ,2024-06-16T11:01:45.564120557Z,01J0GBA0JG281G5XDXEA05470D,2024-06-16T11:01:45.564120557Z,01J0GBA3A7VJWGTDWD4WABA39C,2024-06-16T11:01:45.564120557Z,01J0GBA3ETVVECB7YSJRYKE41C,2024-06-16T11:01:45.564120557Z,true,2024-06-16T11:01:57.327347559Z
01J0GBEG3K56NMYY7V4GPMAYHE,01J0GB96WZJ7WQ993C4EFXG7JC,2024-06-16T11:03:18.899537247Z,01J0GB96Y3KJMXZEK2KTB077C4,2024-06-16T11:03:18.899537247Z,01J0GBA0JG281G5XDXEA05470D,2024-06-16T11:03:18.899537247Z,01J0GBDF118DRTYQZCSGFZK36G,2024-06-16T11:03:18.899537247Z,01J0GBDF421TVXTF5E3T63E9P4,2024-06-16T11:03:18.899537247Z,true,2024-06-16T11:03:20.107112468Z
01J0GBEHA8WDJP2P35DQGAT1M0,01J0GB96WZJ7WQ993C4EFXG7JC,2024-06-16T11:03:20.136375244Z,01J0GB96Y3KJMXZEK2KTB077C4,2024-06-16T11:03:20.136375244Z,01J0GBA0JG281G5XDXEA05470D,2024-06-16T11:03:20.136375244Z,01J0GBDF118DRTYQZCSGFZK36G,2024-06-16T11:03:20.136375244Z,01J0GBDF421TVXTF5E4DDDTF60,2024-06-16T11:03:20.136375244Z,true,2024-06-16T11:03:21.518224838Z
01J0GBBHSMKPKKESVZZGSK3730,01J0GB96WZJ7WQ993C4EFXG7JC,2024-06-16T11:01:42.324514855Z,01J0GB96Y0DRVHTR80GMKNWZSJ,2024-06-16T11:01:42.324514855Z,01J0GBA0JG281G5XDXEA05470D,2024-06-16T11:01:42.324514855Z,01J0GBA3A1Q1A58VNC7QP16FGQ,2024-06-16T11:01:42.324514855Z,01J0GBA3DN42MR6N7N8NV8BDGS,2024-06-16T11:01:42.324514855Z,true,2024-06-16T11:01:43.971828573Z
01J0GBE3PNX3BRF7YGTGBK9D33,01J0GB96WZJ7WQ993C4EFXG7JC,2024-06-16T11:03:06.197458865Z,01J0GB96Y3KJMXZEK2KTB077C4,2024-06-16T11:03:06.197458865Z,01J0GBA0JG281G5XDXEA05470D,2024-06-16T11:03:06.197458865Z,01J0GBDF118DRTYQZCSGFZK36G,2024-06-16T11:03:06.197458865Z,01J0GBDF414KN6M1NDN93HR0ZH,2024-06-16T11:03:06.197458865Z,true,2024-06-16T11:03:07.763065344Z
01J0GBEZ6S70AXEFH897514WVZ,01J0GB96WZJ7WQ993C4EFXG7JC,2024-06-16T11:03:34.36112978Z,01J0GB96Y3KJMXZEK2KTB077C4,2024-06-16T11:03:34.36112978Z,01J0GBA0JG281G5XDXEA05470D,2024-06-16T11:03:34.36112978Z,01J0GBDF118DRTYQZCSGFZK36G,2024-06-16T11:03:34.36112978Z,01J0GBDF4P1C87PTPW11HM8M8Y,2024-06-16T11:03:34.36112978Z,true,2024-06-16T11:03:35.969074116Z
01J0GBASP7GQBR3N270CN8G9CZ,01J0GB96WZJ7WQ993C4EFXG7JC,2024-06-16T11:01:17.639109106Z,01J0GB96Y0DRVHTR80GMKNWZSJ,2024-06-16T11:01:17.639109106Z,01J0GBA0JG281G5XDXEA05470D,2024-06-16T11:01:17.639109106Z,01J0GBA3A1Q1A58VNC7QP16FGQ,2024-06-16T11:01:17.639109106Z,01J0GBA3DKCVG5SWJTEP3W4G29,2024-06-16T11:01:17.639109106Z,true,2024-06-16T11:01:19.101871171Z
01J0GBB4PCP5WH4NFDDVHAANJ9,01J0GB96WZJ7WQ993C4EFXG7JC,2024-06-16T11:01:28.908413106Z,01J0GB96Y0DRVHTR80GMKNWZSJ,2024-06-16T11:01:28.908413106Z,01J0GBA0JG281G5XDXEA05470D,2024-06-16T11:01:28.908413106Z,01J0GBA3A1Q1A58VNC7QP16FGQ,2024-06-16T11:01:28.908413106Z,01J0GBA3DME9RFVTHFMEZ54AW2,2024-06-16T11:01:28.908413106Z,true,2024-06-16T11:01:30.228455492Z
01J0GBESGEB8S9AEDA35GWF2P5,01J0GB96WZJ7WQ993C4EFXG7JC,2024-06-16T11:03:28.52656709Z,01J0GB96Y3KJMXZEK2KTB077C4,2024-06-16T11:03:28.52656709Z,01J0GBA0JG281G5XDXEA05470D,2024-06-16T11:03:28.52656709Z,01J0GBDF118DRTYQZCSGFZK36G,2024-06-16T11:03:28.52656709Z,01J0GBDF4P1C87PTPVZG7MWWX8,2024-06-16T11:03:28.52656709Z,true,2024-06-16T11:03:29.967887269Z
01J0GBFAG0GN9Z806P4QVEQ90A,01J0GB96WZJ7WQ993C4EFXG7JC,2024-06-16T11:03:45.920199123Z,01J0GB96Y3KJMXZEK2KTB077C4,2024-06-16T11:03:45.920199123Z,01J0GBA0JG281G5XDXEA05470D,2024-06-16T11:03:45.920199123Z,01J0GBDF0ZJ6QAAM5K9PQQC3DE,2024-06-16T11:03:45.920199123Z,01J0GBDF5HGJDGH257A09377ST,2024-06-16T11:03:45.920199123Z,true,2024-06-16T11:03:55.753033299Z
